name,hr,ra,dec,mag
Sirius,2491,6.752481,-16.716116,-1.44
Canopus,2326,6.399195,-52.69566,-0.62
Arcturus,5340,14.26103,19.18241,-0.05
Rigil Kentaurus,5459,14.660765,-60.833976,-0.01
Vega,7001,18.61564,38.783692,0.03
Capella,1708,5.27815,45.997991,0.08
Rigel,1713,5.242298,-8.20164,0.18
Procyon,2943,7.655033,5.224993,0.4
Betelgeuse,2061,5.919529,7.407063,0.45
Achernar,472,1.628556,-57.236757,0.45
Hadar,5267,14.063729,-60.373039,0.61
Altair,7557,19.846388,8.868322,0.76
Acrux,4730,12.443311,-63.099092,0.77
Aldebaran,1457,4.598677,16.509301,0.87
,,5.277926,46.000842,0.96
Spica,5056,13.419883,-11.161322,0.98
Antares,6134,16.490128,-26.432002,1.06
Pollux,2990,7.755277,28.026199,1.16
Fomalhaut,8728,22.960838,-29.622236,1.17
Deneb,7924,20.690532,45.280338,1.25
Mimosa,4853,12.795359,-59.688764,1.25
Toliman,5460,14.660346,-60.8383,1.35
Regulus,3982,10.139532,11.967207,1.36
Adhara,2618,6.977097,-28.972084,1.5
Castor,2891,7.576634,31.888276,1.58
Gacrux,4763,12.519429,-57.113212,1.59
Shaula,6527,17.560145,-37.103821,1.62
Bellatrix,1790,5.418851,6.349702,1.64
Elnath,1791,5.438198,28.60745,1.65
Miaplacidus,3685,9.220041,-69.717208,1.67
Alnilam,1903,5.603559,-1.20192,1.69
Alnair,8425,22.137209,-46.960975,1.73
Alnitak,1948,5.679313,-1.942572,1.74
HR3207,3207,8.158876,-47.336588,1.75
Alioth,4905,12.900472,55.959821,1.76
Kaus Australis,6879,18.402868,-34.384616,1.79
Mirfak,1017,3.405378,49.86118,1.79
Dubhe,4301,11.062155,61.751033,1.81
Wezen,2693,7.139857,-26.3932,1.83
Alkaid,5191,13.792354,49.313265,1.85
Sargas,6553,17.62198,-42.997824,1.86
Avior,3307,8.375236,-59.509483,1.86
Menkalinan,2088,5.992149,44.947433,1.9
Atria,6217,16.811077,-69.027715,1.91
Alsephina,3485,8.745059,-54.708821,1.93
Alhena,2421,6.628528,16.399252,1.93
Peacock,7790,20.427459,-56.73509,1.94
Polaris,424,2.52975,89.264109,1.97
Mirzam,2294,6.378329,-17.955918,1.98
Alphard,3748,9.45979,-8.658603,1.99
Hamal,617,2.119555,23.462423,2.01
Algieba,4057,10.332873,19.841489,2.01
Diphda,188,0.72649,-17.986605,2.04
Nunki,7121,18.92109,-26.296722,2.05
Menkent,5288,14.111395,-36.369954,2.06
Kochab,5563,14.845105,74.155505,2.07
Mirach,337,1.162194,35.620558,2.07
Saiph,2004,5.795941,-9.669605,2.07
Tiaki,8636,22.711115,-46.884577,2.07
Alpheratz,15,0.139791,29.090432,2.07
Rasalhague,6556,17.582241,12.560035,2.08
Algol,936,3.136148,40.955648,2.09
Almach,603,2.064984,42.329725,2.1
Denebola,4534,11.817663,14.57206,2.14
Cih,264,0.945143,60.71674,2.15
HR4819,4819,12.691971,-48.959888,2.2
Aspidiske,3699,9.284838,-59.275229,2.21
Naos,3165,8.059737,-40.003148,2.21
Alphecca,5793,15.578128,26.714693,2.22
Suhail,3634,9.133268,-43.432589,2.23
Mizar,5054,13.398747,54.925362,2.23
Sadr,7796,20.370473,40.256679,2.23
Eltanin,6705,17.943437,51.488895,2.24
Schedar,168,0.675116,56.537331,2.24
Mintaka,1852,5.533445,-0.299092,2.25
Caph,21,0.152887,59.14978,2.28
Dschubba,5953,16.005557,-22.62171,2.29
Larawag,6241,16.83608,-34.293232,2.29
HR5132,5132,13.664796,-53.466394,2.29
Uridim,5469,14.698823,-47.3882,2.3
HR5440,5440,14.591786,-42.157824,2.33
Merak,4295,11.030677,56.382427,2.34
Izar,5505,14.749784,27.074222,2.35
Enif,8308,21.736433,9.875011,2.38
HR6580,6580,17.708132,-39.029983,2.39
Ankaa,99,0.438056,-42.305981,2.4
Phecda,4554,11.897168,53.69476,2.41
Sabik,6378,17.172968,-15.72491,2.43
Scheat,8775,23.062901,28.082789,2.44
Alderamin,8162,21.30963,62.585573,2.45
Aludra,2827,7.401584,-29.303104,2.45
Markeb,3734,9.368562,-55.010668,2.47
Aljanah,7949,20.770178,33.970256,2.48
Markab,8781,23.079348,15.205264,2.49
Menkar,911,3.037992,4.089734,2.54
HR6175,6175,16.619316,-10.56709,2.54
Leepwal,5231,13.925667,-47.288375,2.55
Zosma,4357,11.235138,20.523717,2.56
Acrab,5984,16.09062,-19.805453,2.56
HR4621,4621,12.13931,-50.722425,2.58
Gienah,4662,12.263437,-17.541929,2.58
Arneb,1865,5.545504,-17.822289,2.58
Ascella,7194,19.043532,-29.880105,2.6
Zubeneschamali,5685,15.283449,-9.382917,2.61
Unukalhai,5854,15.737798,6.425627,2.63
Sheratan,553,1.910668,20.808035,2.64
Mahasim,2095,5.995351,37.212585,2.65
Phact,1956,5.660817,-34.074108,2.65
Kraz,4786,12.573121,-23.396759,2.65
Ruchbah,403,1.430216,60.235283,2.66
Muphrid,5235,13.911411,18.397717,2.68
HR5571,5571,14.975537,-43.13396,2.68
HR4798,4798,12.619739,-69.135564,2.69
Hassaleh,1577,4.949894,33.16609,2.69
HR4216,4216,10.779488,-49.420255,2.69
Lesath,6508,17.512732,-37.295811,2.7
HR2773,2773,7.285711,-37.09747,2.71
Kaus Media,6859,18.3499,-29.828103,2.72
Tarazed,7525,19.770994,10.613261,2.72
Athebyne,6132,16.39986,61.514213,2.73
Yed Prior,6056,16.239094,-3.694323,2.73
Porrima,4825,12.694345,-1.449375,2.74
HR4199,4199,10.715949,-64.39445,2.74
Zubenelgenubi,5531,14.847977,-16.041778,2.75
Kulou,5028,13.343296,-36.712295,2.75
Hatysa,1899,5.590551,-5.909901,2.75
Cebalrai,6603,17.724543,4.567303,2.76
Rasalgethi,6406,17.244127,14.390333,2.78
Kornephoros,6148,16.503668,21.489613,2.78
Cursa,1666,5.130829,-5.086446,2.78
Rastaban,6536,17.507213,52.301387,2.79
Imai,4656,12.252427,-58.748928,2.79
HR5776,5776,15.585681,-41.166757,2.8
HR6212,6212,16.688113,31.602726,2.81
Nihal,1829,5.470756,-20.759441,2.81
Paikauhale,6165,16.598043,-28.216016,2.82
Kaus Borealis,6913,18.466179,-25.4217,2.82
HR98,98,0.427916,-77.254247,2.82
Algenib,39,0.220598,15.183596,2.83
HR5897,5897,15.919083,-63.430727,2.83
Tureis,3185,8.125737,-24.304324,2.83
HR6510,6510,17.530695,-49.876145,2.84
HR1203,1203,3.9022,31.883635,2.84
HR6461,6461,17.421665,-55.529884,2.84
Deneb Algedi,8322,21.784011,-16.127286,2.85
Vindemiatrix,4932,13.036278,10.95915,2.85
Alcyone,1165,3.79141,24.105137,2.85
Castor B,2890,7.576827,31.89052,2.85
HR591,591,1.979451,-61.569859,2.86
Fawaris,7528,19.749574,45.13081,2.86
HR5671,5671,15.315181,-68.679545,2.87
Lang-Exster,8502,22.308371,-60.259587,2.87
Tejat,2286,6.382673,22.513586,2.87
Acamar,897,2.971023,-40.304672,2.88
Albaldah,7264,19.162731,-21.023615,2.88
Fang,5944,15.980865,-26.114105,2.89
Cor Caroli,4915,12.933807,38.31838,2.89
Gomeisa,2845,7.452512,8.289315,2.89
Alniyat,6084,16.353143,-25.592796,2.9
Sadalsuud,8232,21.525982,-5.571172,2.9
HR1220,1220,3.96423,40.010215,2.9
HR915,915,3.079942,53.50644,2.91
HR3890,3890,9.785036,-65.072007,2.92
Matar,8650,22.716704,30.221245,2.93
Algorab,4757,12.497739,-16.515432,2.94
HR2553,2553,6.832266,-50.61456,2.94
Sadalmelik,8414,22.096399,-0.319851,2.95
Zaurak,1231,3.967157,-13.508515,2.97
Ras Elased Australis,3873,9.764188,23.774255,2.97
Tianguan,1910,5.627413,21.142549,2.97
Alnasl,6746,18.096803,-30.424091,2.98
Okab,7235,19.090169,13.863478,2.99
HR6615,6615,17.793078,-40.126997,2.99
HR5020,5020,13.315359,-23.171512,2.99
HR622,622,2.159058,34.987297,3.0
HR4335,4335,11.161062,44.498487,3.0
Pherkad,5735,15.345483,71.834016,3.0
Aldhanab,8353,21.898808,-37.364852,3.0
Xamidimura,6247,16.864509,-38.04738,3.0
HR1122,1122,3.715416,47.787551,3.01
HR4630,4630,12.168746,-22.619766,3.02
Furud,2282,6.338553,-30.063367,3.02
HR2653,2653,7.050409,-23.833291,3.02
Almaaz,1605,5.032815,43.823308,3.03
HR4844,4844,12.771346,-68.108119,3.04
Seginus,5435,14.534636,38.308253,3.04
Albireo,7417,19.512023,27.959681,3.05
Dabih,7776,20.350187,-14.781367,3.05
Tania Australis,4069,10.372155,41.499516,3.06
Mebsuta,2473,6.732202,25.131124,3.06
Altais,7310,19.209225,67.661541,3.07
HR6832,6832,18.293793,-36.761686,3.1
HR3547,3547,8.92323,5.945563,3.11
HR4467,4467,11.596363,-63.019841,3.11
HR7869,7869,20.626116,-47.291502,3.11
HR4232,4232,10.827079,-16.193648,3.11
Talitha,3569,8.986828,48.041826,3.12
HR6285,6285,16.977006,-55.990141,3.12
Wazn,2040,5.849329,-35.768309,3.12
Sarin,6410,17.250531,24.839204,3.12
HR5576,5576,14.986025,-42.104194,3.13
HR3705,3705,9.350925,34.392562,3.14
HR6418,6418,17.250788,36.809162,3.16
HR3803,3803,9.520371,-57.034377,3.16
Pipit,2451,6.629353,-43.195934,3.17
Aldhibah,6396,17.146448,65.714683,3.17
HR3775,3775,9.547715,51.6773,3.17
HR7039,7039,18.76094,-26.990778,3.17
Xami,5463,14.708492,-64.975138,3.18
Haedus,1641,5.10858,41.234474,3.18
HR1654,1654,5.091018,-22.371032,3.19
Tabit,1543,4.830669,6.961276,3.19
Fuyue,6630,17.830965,-37.043304,3.19
HR6299,6299,16.961139,9.375033,3.19
HR8115,8115,21.215607,30.226916,3.21
Errai,8974,23.65582,77.632276,3.21
HR5695,5695,15.356201,-40.647518,3.22
Alfirk,8238,21.477662,70.560716,3.23
HR6869,6869,18.355167,-2.898825,3.23
Yed Posterior,6075,16.305358,-4.692511,3.23
Antinous,7710,20.188413,-0.821461,3.24
HR2550,2550,6.803194,-61.941391,3.24
Brachium,5603,15.067839,-25.281965,3.25
HR5287,5287,14.106193,-26.682361,3.25
Sulafat,7178,18.982395,32.689557,3.25
HR2878,2878,7.487179,-43.301432,3.25
HR1208,1208,3.787295,-74.238962,3.26
HR6453,6453,17.366827,-24.999545,3.27
Skat,8709,22.910837,-15.82082,3.27
HR165,165,0.655462,30.861024,3.27
Edasich,5744,15.415494,58.966065,3.29
HR4037,4037,10.228961,-70.037903,3.29
HR1702,1702,5.215528,-16.205468,3.29
HR4140,4140,10.533743,-61.685332,3.3
HR1465,1465,4.566598,-55.044975,3.3
Propus,2216,6.247961,22.506799,3.31
HR6462,6462,17.423239,-56.377727,3.31
HR322,322,1.101407,-46.718414,3.32
HR921,921,3.08627,38.840274,3.32
HR7234,7234,19.11567,-27.670423,3.32
Megrez,4660,12.257086,57.032617,3.32
HR6380,6380,17.202552,-43.239189,3.32
HR6698,6698,17.983775,-9.773632,3.32
Rhombus,1336,4.240404,-62.473858,3.33
Chertan,4359,11.237335,15.42957,3.33
Azmidi,3045,7.821571,-24.859786,3.34
Alzirr,2484,6.754824,12.895591,3.35
Segin,542,1.906584,63.670101,3.35
Muscida,3323,8.504431,60.718169,3.35
HR1788,1788,5.407949,-2.397146,3.35
HR7377,7377,19.424972,3.114775,3.36
HR5708,5708,15.378021,-44.689622,3.37
Ashlesha,3482,8.779587,6.418809,3.38
Heze,5107,13.57822,-0.59582,3.38
Meissa,1879,5.585633,9.934158,3.39
HR8465,8465,22.180908,58.201261,3.39
Minelauva,4910,12.926725,3.39747,3.39
HR4050,4050,10.28472,-61.332304,3.39
Chamukuy,1412,4.477705,15.870883,3.4
,,17.172783,-15.726921,3.4
HR1239,1239,4.011338,12.490347,3.41
Homam,8634,22.691033,10.831364,3.41
HR7957,7957,20.754811,61.838782,3.41
HR429,429,1.472759,-43.318234,3.41
Heng,5190,13.825078,-41.687709,3.41
HR5649,5649,15.20476,-52.099247,3.41
HR5948,5948,16.002036,-38.396706,3.42
Mothallah,544,1.884696,29.578829,3.42
HR6623,6623,17.774319,27.720676,3.42
HR7913,7913,20.749314,-66.203212,3.42
HR3659,3659,9.182804,-58.966896,3.43
HR7236,7236,19.10415,-4.882554,3.43
Adhafera,4031,10.278171,23.417311,3.43
Tania Borealis,4033,10.284952,42.914365,3.45
HR334,334,1.143164,-10.182264,3.46
Achird,219,0.81826,57.815187,3.46
HR3117,3117,7.946313,-52.98236,3.46
HR5681,5681,15.258376,33.314833,3.46
HR5193,5193,13.826943,-42.473732,3.47
Kaffaljidhma,804,2.721678,3.235818,3.47
HR3975,3975,10.122209,16.762664,3.48
HR6220,6220,16.714933,38.922254,3.48
HR8675,8675,22.809239,-51.316864,3.49
Alula Borealis,4377,11.307983,33.094306,3.49
HR6897,6897,18.449561,-45.968459,3.49
Nekkar,5602,15.032436,40.390566,3.49
HR509,509,1.734479,-15.93748,3.49
Nganurganity,2646,7.028652,-27.93483,3.49
HR2538,2538,6.830683,-32.508478,3.5
Wasat,2777,7.335383,21.98232,3.5
HR8694,8694,22.82802,66.200408,3.5
HR7635,7635,19.979285,19.492148,3.51
Sadalbari,8684,22.833385,24.601579,3.51
Sheliak,7106,18.834665,33.362667,3.52
Subra,3852,9.685843,9.892308,3.52
HR3940,3940,9.947708,-54.56779,3.52
Biham,8450,22.169996,6.197865,3.52
HR4826,4826,12.694171,-1.449235,3.52
Rana,1136,3.720806,-9.763395,3.52
HR7150,7150,18.962167,-21.106654,3.52
Ain,1409,4.476943,19.180431,3.53
Tarf,3249,8.275256,9.185545,3.53
HR4450,4450,11.550038,-31.857625,3.54
HR6561,6561,17.626445,-15.398557,3.54
HR5881,5881,15.827002,-3.430208,3.54
HR5354,5354,14.323396,-46.058093,3.55
HR1998,1998,5.782595,-14.82195,3.55
HR7665,7665,20.145157,-66.182068,3.55
HR1347,1347,4.298237,-33.798348,3.55
HR6927,6927,18.350736,72.732843,3.55
HR4382,4382,11.322347,-14.778541,3.56
HR74,74,0.323799,-8.823921,3.56
HR674,674,2.275154,-51.512165,3.56
Pipirima,6252,16.872263,-38.017536,3.56
HR5429,5429,14.5305,30.371437,3.57
HR2985,2985,7.740793,24.397993,3.57
HR5705,5705,15.36344,-36.261376,3.57
Alkaphrah,3594,9.060427,47.156525,3.57
HR2763,2763,7.30155,16.540383,3.58
Algedi,7754,20.300904,-12.544852,3.58
Ginan,4700,12.356031,-60.401147,3.59
HR1735,1735,5.293442,-6.844409,3.59
Nembus,464,1.633205,48.628213,3.59
HR1983,1983,5.741057,-22.448382,3.59
Zavijava,4540,11.844922,1.764718,3.59
HR6500,6500,17.518318,-60.683848,3.6
HR5794,5794,15.61707,-28.135079,3.6
HR3786,3786,9.511674,-40.466769,3.6
HR3447,3447,8.671554,-52.921887,3.6
HR2540,2540,6.879816,33.961254,3.6
HR402,402,1.40039,-8.183257,3.6
Bharani,838,2.833063,27.260507,3.61
HR6582,6582,17.762221,-64.723871,3.61
HR3994,3994,10.176467,-12.354083,3.61
HR1030,1030,3.413554,9.02887,3.61
HR4923,4923,13.037759,-71.548855,3.61
HR6271,6271,16.909731,-42.361313,3.62
Atlas,1178,3.819373,24.053415,3.62
Alpherg,437,1.524725,15.345823,3.62
HR3017,3017,7.754249,-37.968584,3.62
Alfarasalkamil,8762,23.032017,42.325979,3.62
HR4520,4520,11.760141,-66.728763,3.63
Rotanev,7882,20.625816,14.595087,3.64
HR6743,6743,18.11052,-50.091477,3.65
Prima Hyadum,1346,4.329889,15.627642,3.65
Zhou,5867,15.769793,15.421826,3.65
HR8558,8558,22.480531,-0.019972,3.65
HR3757,3757,9.525453,63.061861,3.65
HR5812,5812,15.64427,-29.777754,3.66
Nusakan,5747,15.463818,29.105703,3.66
Thuban,5291,14.073165,64.37585,3.67
HR7986,7986,20.913498,-58.454155,3.67
HR3468,3468,8.726539,-33.186385,3.68
Safina,8812,23.157443,-21.17241,3.68
HR1552,1552,4.853434,5.605104,3.68
HR7536,7536,19.789795,18.534286,3.68
HR3884,3884,9.754117,-62.507903,3.69
Taiyangshou,4518,11.767515,47.779406,3.69
Nashira,8278,21.668181,-16.662308,3.69
HR566,566,1.932564,-51.608896,3.69
Saclateni,1612,5.041301,41.075837,3.69
Fulu,153,0.616188,53.896909,3.69
HR8852,8852,23.286094,3.282289,3.7
HR1003,1003,3.325278,-21.757864,3.7
HR6703,6703,17.962744,29.24788,3.7
HR3080,3080,7.870288,-40.575786,3.71
HR5892,5892,15.846935,4.47773,3.71
HR1567,1567,4.904193,2.440672,3.71
Alshain,7602,19.921887,6.406763,3.71
HR2085,2085,5.940082,-14.1677,3.71
HR6771,6771,18.122496,9.563847,3.71
Electra,1142,3.747927,24.113339,3.72
Ran,1084,3.548848,-9.458262,3.72
HR2077,2077,5.992111,54.284656,3.72
HR8079,8079,21.082184,43.927852,3.72
HR5511,5511,14.770812,1.892885,3.73
Grumium,6688,17.892134,56.872643,3.73
HR8698,8698,22.87691,-7.579599,3.73
HR1038,1038,3.45282,9.73268,3.73
HR8254,8254,21.691253,-77.390046,3.73
Baten Kaitos,539,1.857676,-10.335038,3.74
HR6095,6095,16.365338,19.15313,3.74
HR8130,8130,21.246517,38.045317,3.74
HR3614,3614,9.069248,-47.097737,3.75
Bake-eo,6629,17.798211,2.707276,3.75
Stellio,8585,22.521515,50.282491,3.76
HR1922,1922,5.560421,-62.489825,3.76
HR2035,2035,5.855357,-20.879089,3.76
HR7217,7217,19.07805,-21.741496,3.76
HR2356,2356,6.480297,-7.033062,3.76
HR7420,7420,19.495098,51.729779,3.76
Miram,834,2.844945,55.895496,3.77
HR8204,8204,21.444452,-22.411332,3.77
Secunda Hyadum,1373,4.382247,17.542514,3.77
HR6229,6229,16.82976,-59.041378,3.77
Sualocin,7906,20.660635,15.912072,3.77
HR8430,8430,22.116847,25.345112,3.77
HR3445,3445,8.677103,-46.648744,3.77
HR1135,1135,3.753232,42.578549,3.77
HR3347,3347,8.428951,-66.13689,3.77
HR1931,1931,5.645769,-2.600069,3.77
HR2821,2821,7.428779,27.79808,3.78
HR3888,3888,9.849867,59.038735,3.78
Albali,7950,20.794598,-9.495776,3.78
HR2736,2736,7.145788,-70.498932,3.78
HR5477,5477,14.68582,13.7283,3.78
HR4257,4257,10.891559,-58.853171,3.78
Praecipua,4247,10.888526,34.214871,3.79
Misam,941,3.158258,44.857544,3.79
HR2948,2948,7.647186,-26.803836,3.8
HR5788,5788,15.580041,10.538867,3.8
Dalim,963,3.201249,-28.987618,3.8
HR7328,7328,19.28504,53.368459,3.8
HR7735,7735,20.227196,46.741329,3.8
Theemin,1464,4.592512,-30.562341,3.81
HR5849,5849,15.712381,26.295637,3.81
Udkadua,8961,23.626056,46.458152,3.81
HR4114,4114,10.464649,-58.739403,3.81
HR6588,6588,17.657747,46.006332,3.82
Marfik,6149,16.515229,1.983923,3.82
HR3690,3690,9.314069,36.802597,3.82
Giausar,4434,11.523407,69.331076,3.82
Alrescha,595,2.034117,2.763759,3.82
HR4094,4094,10.434842,-16.83629,3.83
Paradys,5470,14.797701,-79.044751,3.83
HR5248,5248,13.971186,-42.100753,3.83
HR7582,7582,19.80285,70.26793,3.84
HR4773,4773,12.541134,-72.132988,3.84
HR1175,1175,3.736593,-64.806903,3.84
HR1411,1411,4.476248,15.962181,3.84
Shaomin,4133,10.546853,9.306586,3.84
Atik,1131,3.738648,32.288248,3.84
HR3571,3571,8.917457,-60.644609,3.84
HR6779,6779,18.125708,28.762488,3.84
HR4167,4167,10.621717,-48.22562,3.84
Polis,6812,18.229392,-21.058834,3.84
HR4802,4802,12.628394,-48.541304,3.85
HR5933,5933,15.940882,15.661617,3.85
HR1326,1326,4.233363,-42.294368,3.85
HR4787,4787,12.558058,69.788238,3.85
HR2020,2020,5.788079,-51.066514,3.85
HR4023,4023,10.245607,-42.121942,3.85
HR6973,6973,18.586785,-8.244073,3.85
Tusizuo,6895,18.394967,21.769752,3.85
HR2296,2296,6.368564,-33.4364,3.85
Sceptrum,1481,4.63634,-14.30402,3.86
HR269,269,0.945885,38.499345,3.86
HR6102,6102,16.557609,-78.897148,3.86
Sadachbia,8518,22.360938,-1.387331,3.86
HR1862,1862,5.520209,-35.470519,3.86
HR6030,6030,16.257297,-63.685682,3.86
HR6695,6695,17.93755,37.250539,3.86
Iklil,5928,15.948077,-29.214073,3.87
HR5249,5249,13.977987,-44.803584,3.87
HR3487,3487,8.767124,-46.041527,3.87
HR5487,5487,14.717673,-5.658207,3.87
Maia,1149,3.763779,24.367748,3.87
HR7570,7570,19.874547,1.005661,3.87
Rasalas,3905,9.879398,26.006951,3.88
HR8820,8820,23.17264,-45.246711,3.88
HR5646,5646,15.198918,-48.737819,3.88
HR25,25,0.156836,-45.747426,3.88
Mesarthim,546,1.89217,19.293852,3.88
Zaniah,4689,12.331766,-0.666803,3.89
HR3665,3665,9.239405,2.31428,3.89
HR7615,7615,19.938438,35.083424,3.89
HR2580,2580,6.902209,-24.184211,3.89
Azha,874,2.940458,-8.898144,3.89
HR5089,5089,13.517405,-39.407307,3.9
HR4390,4390,11.350117,-54.491019,3.9
Ukdah,3845,9.664267,-1.14281,3.9
HR4743,4743,12.467331,-50.230635,3.91
HR1251,1251,4.052606,5.989305,3.91
HR6092,6092,16.329011,46.313366,3.91
HR3314,3314,8.427676,-3.906424,3.91
Zubenelhakrabi,5787,15.592105,-14.789537,3.91
HR5605,5605,15.085303,-47.051245,3.91
HR7340,7340,19.361211,-17.847197,3.92
Kitalpha,8131,21.263731,5.247845,3.92
HR6324,6324,17.004827,30.926405,3.92
HR5993,5993,16.113452,-20.669192,3.93
HR854,854,2.904295,52.762479,3.93
HR100,100,0.436716,-43.679829,3.93
HR3024,3024,7.697004,-72.606098,3.93
HR440,440,1.520851,-49.072702,3.93
HR1463,1463,4.605317,-3.352459,3.93
HR4337,4337,11.143165,-58.975037,3.93
HR6714,6714,18.010754,2.931568,3.93
HR8028,8028,20.952893,41.167136,3.94
HR2970,2970,7.687454,-9.551131,3.94
HR2996,2996,7.73013,-28.954826,3.94
Asellus Australis,3461,8.74475,18.154309,3.94
Wurren,338,1.139742,-55.24576,3.94
HR580,580,2.057268,72.421294,3.95
HR5055,5055,13.398996,54.920471,3.95
HR2429,2429,6.611399,-19.255879,3.95
HR8892,8892,23.382842,-20.10058,3.96
Rukbat,7348,19.398103,-40.61594,3.96
HR1273,1273,4.144357,47.712513,3.96
Arkab Prior,7337,19.377303,-44.458965,3.96
HR3579,3579,9.010685,41.782911,3.96
HR2120,2120,5.985778,-42.815135,3.96
HR3663,3663,9.187985,-62.316977,3.96
HR7751,7751,20.257867,47.714208,3.96
HR4638,4638,12.194202,-52.36846,3.97
HR2803,2803,7.280508,-67.957152,3.97
HR5883,5883,15.849316,-33.627165,3.97
HR3438,3438,8.668373,-35.308352,3.97
Beemim,1393,4.400613,-34.016846,3.97
HR8556,8556,22.487825,-43.495565,3.97
HR7590,7590,20.009845,-72.910504,3.97
HR2012,2012,5.858166,39.14848,3.97
HR8667,8667,22.775521,23.565654,3.97
HR8252,8252,21.56635,45.591837,3.98
Menkib,1228,3.98275,35.791033,3.98
HR585,585,2.000084,-21.077831,3.99
HR2227,2227,6.247592,-6.274776,3.99
Alcor,5062,13.420413,54.987958,3.99
HR4102,4102,10.406592,-74.031612,3.99
HR8848,8848,23.290498,-58.235734,3.99
Jabbah,6027,16.199926,-19.460708,4.0
HR3615,3615,9.040777,-66.396076,4.0
HR4399,4399,11.398736,10.529509,4.0
HR2749,2749,7.246849,-26.772667,4.01
HR6982,6982,18.71726,-71.428113,4.01
HR7834,7834,20.489926,30.368555,4.01
HR5471,5471,14.699332,-37.793498,4.01
HR6072,6072,16.330687,-50.155508,4.01
HR1520,1520,4.758375,-3.254657,4.01
HR496,496,1.727675,50.688732,4.01
Mekbuda,2650,7.068481,20.570297,4.01
HR5986,5986,16.031532,58.565251,4.01
HR7193,7193,19.028008,-5.739115,4.02
Alchiba,4623,12.140225,-24.728875,4.02
HR3518,3518,8.842204,-27.709844,4.02
HR7176,7176,18.993711,15.068298,4.02
HR6752,6752,18.090913,2.500099,4.03
HR9072,9072,23.988525,6.863321,4.03
Aldulfin,7852,20.553547,11.303263,4.03
HR1603,1603,5.05697,60.442245,4.03
HR4898,4898,12.9099,-57.177924,4.03
HR664,664,2.288573,33.847194,4.03
HR3475,3475,8.778284,28.759898,4.03
HR8597,8597,22.589272,-0.117498,4.04
HR4517,4517,11.764322,6.529376,4.04
Beid,1298,4.197761,-6.837581,4.04
HR5404,5404,14.419967,51.850744,4.04
HR3318,3318,8.308703,-76.919722,4.05
HR937,937,3.151005,49.613278,4.05
HR8679,8679,22.826528,-13.592632,4.05
HR4386,4386,11.352276,6.029322,4.05
HR5367,5367,14.342623,-37.885295,4.05
HR5200,5200,13.824623,15.797905,4.05
HR5453,5453,14.631454,-49.425828,4.05
HR3477,3477,8.739987,-42.649276,4.05
HR6295,6295,16.993069,-53.160438,4.06
HR5485,5485,14.727624,-35.173655,4.06
HR4671,4671,12.292917,-67.960736,4.06
HR1580,1580,4.939521,13.514466,4.06
HR4405,4405,11.414702,-17.68401,4.06
HR2905,2905,7.598708,26.895741,4.06
HR4679,4679,12.307298,-64.003071,4.06
HR5670,5670,15.291917,-58.801208,4.07
Syrma,5338,14.266908,-6.000547,4.07
HR5626,5626,15.147394,-45.279857,4.07
HR8571,8571,22.486183,58.415198,4.07
Shimu,215,0.788981,24.267178,4.08
HR2574,2574,6.903167,-12.038628,4.08
HR8075,8075,21.099118,-17.232861,4.08
HR8173,8173,21.36811,19.804508,4.08
HR3825,3825,9.574071,-59.229753,4.08
HR919,919,3.039863,-23.624472,4.08
HR7157,7157,18.922249,43.946088,4.08
HR779,779,2.658044,0.328511,4.08
Alkes,4287,10.996244,-18.298783,4.08
HR705,705,2.362498,-68.659418,4.08
Gudja,5879,15.812327,18.141564,4.09
HR1907,1907,5.615108,9.290673,4.09
HR799,799,2.736634,49.228448,4.1
HR7259,7259,19.167154,-39.340796,4.1
Titawin,458,1.613299,41.405459,4.1
HR3055,3055,7.820638,-46.373205,4.1
HR6905,6905,18.480505,-49.070588,4.1
HR5771,5771,15.612,-66.317037,4.11
Meridiana,7254,19.157869,-37.904474,4.11
HR8747,8747,23.014677,-52.754137,4.11
HR3426,3426,8.627399,-42.989081,4.11
Muliphein,2657,7.062637,-15.633286,4.11
HR4522,4522,11.775232,-61.178398,4.11
HR4174,4174,10.591166,-78.607786,4.11
Zhang,3903,9.85797,-14.846603,4.11
HR794,794,2.677781,-39.855375,4.11
HR2124,2124,6.039722,9.647276,4.12
HR4608,4608,12.086817,8.732985,4.12
HR8560,8560,22.495955,-43.749224,4.12
HR7980,7980,20.863692,-26.919133,4.12
HR806,806,2.659799,-68.266946,4.12
HR1303,1303,4.248295,48.409331,4.12
HR7581,7581,19.921026,-41.868288,4.12
HR1784,1784,5.399119,-7.808065,4.13
HR2343,2343,6.482719,20.212133,4.13
HR7936,7936,20.76826,-25.270898,4.13
HR8969,8969,23.665844,5.626292,4.13
HR5908,5908,15.897093,-16.729293,4.13
HR8630,8630,22.767692,-81.381615,4.13
HR8315,8315,21.744092,25.645036,4.14
HR5778,5778,15.548829,31.359133,4.14
HR4616,4616,12.114687,-64.61373,4.14
HR5947,5947,15.959794,26.87788,4.14
Merope,1156,3.772104,23.948358,4.14
HR1066,1066,3.514549,12.936678,4.14
HR3410,3410,8.627602,5.703782,4.14
HR8498,8498,22.26616,37.748737,4.14
Kaffalmusalsala,8976,23.673469,44.333932,4.15
HR6484,6484,17.394708,37.145946,4.15
HR2714,2714,7.197739,-0.492764,4.15
HR6486,6486,17.439504,-24.175309,4.16
HR2134,2134,6.068671,23.263341,4.16
HR2852,2852,7.485195,31.78455,4.16
HR1195,1195,3.824237,-36.20025,4.17
Ancha,8499,22.280565,-7.78329,4.17
HR130,130,0.549997,62.931783,4.17
HR6166,6166,16.606242,-35.255326,4.18
Kang,5315,14.214929,-10.273702,4.18
Xuange,5351,14.273074,46.088305,4.18
HR8494,8494,22.250544,57.043587,4.18
HR8628,8628,22.677594,-27.043617,4.18
HR5192,5192,13.824091,-34.450776,4.19
HR7061,7061,18.761035,20.546308,4.19
HR1839,1839,5.51307,5.948139,4.2
HR8720,8720,22.932472,-32.539628,4.2
HR6168,6168,16.568384,42.437041,4.2
HR8665,8665,22.778216,12.172888,4.2
HR3102,3102,7.94765,-22.880119,4.2
HR4100,4100,10.464727,36.707212,4.2
HR1035,1035,3.484482,59.94033,4.21
HR8181,8181,21.440705,-65.366198,4.21
HR6322,6322,16.766159,82.037262,4.21
HR7850,7850,20.493015,62.994105,4.21
HR1387,1387,4.422822,22.293874,4.21
HR6920,6920,18.345955,71.337814,4.22
HR1173,1173,3.780804,-23.249723,4.22
HR3090,3090,7.888378,-48.102934,4.22
HR8834,8834,23.238711,-6.049003,4.22
HR7063,7063,18.786242,-4.747867,4.22
HR6118,6118,16.450399,-18.456251,4.22
HR7139,7139,18.908412,36.898613,4.22
HR8143,8143,21.290265,39.394681,4.22
HR7074,7074,18.870288,-62.187593,4.22
HR7942,7942,20.761043,30.719715,4.22
HR5987,5987,16.109874,-36.802288,4.22
HR840,840,2.843063,38.318644,4.22
HR5264,5264,14.027443,1.544532,4.23
HR6023,6023,16.146162,44.934906,4.23
HR77,77,0.334142,-64.874791,4.23
HR5168,5168,13.761471,-33.043721,4.23
HR6163,6163,16.718126,-77.517435,4.23
HR2973,2973,7.721867,28.88351,4.23
Garnet Star,8316,21.725127,58.780046,4.23
HR4983,4983,13.197904,27.878183,4.23
HR8335,8335,21.779891,49.30957,4.23
HR7226,7226,19.106971,-37.063437,4.23
HR721,721,2.449755,-47.70384,4.24
HR4674,4674,12.305812,-79.31224,4.24
HR6581,6581,17.690243,-12.875307,4.24
HR8841,8841,23.264859,-9.087737,4.24
HR285,285,1.145613,86.25709,4.24
HR6143,6143,16.523037,-34.704366,4.24
HR811,811,2.735375,-13.858696,4.24
Chara,4785,12.562411,41.35748,4.24
HR1679,1679,5.15244,-8.754081,4.25
HR1458,1458,4.594239,10.16079,4.25
HR8334,8334,21.75748,61.120806,4.25
HR377,377,1.262704,-68.875927,4.25
HR1454,1454,4.611508,41.264808,4.25
HR4889,4889,12.890607,-40.178872,4.25
Alsciaukat,3275,8.380588,43.188131,4.25
HR1261,1261,4.109735,50.351262,4.25
HR5430,5430,14.458758,75.695993,4.25
HR6546,6546,17.609121,-38.635308,4.26
82 G. Eri,1008,3.331944,-43.069784,4.26
Acubens,3572,8.974784,11.857701,4.26
Bodu,6729,18.025113,21.595782,4.26
HR1338,1338,4.267097,-51.486648,4.26
Kurhah,8417,22.063135,64.627971,4.26
Torcular,510,1.756564,9.157736,4.26
HR1088,1088,3.563132,-21.632883,4.26
HR335,335,1.158368,47.241792,4.26
HR1542,1542,4.900836,66.342678,4.26
HR1320,1320,4.258905,8.892357,4.27
HR813,813,2.749039,10.114146,4.27
HR7948,7948,20.77764,16.124296,4.27
HR1497,1497,4.704084,22.956926,4.27
Arkab Posterior,7343,19.386976,-44.799778,4.27
HR294,294,1.049058,7.890135,4.27
HR4942,4942,13.11518,-49.906246,4.27
HR8916,8916,23.466138,6.378992,4.27
HR5683,5683,15.308897,-47.875272,4.27
HR1473,1473,4.635961,12.510838,4.27
HR1392,1392,4.438461,22.813583,4.28
HR7740,7740,20.223288,56.567722,4.28
HR8787,8787,23.11465,-43.520358,4.28
HR8167,8167,21.370776,-16.834542,4.28
HR3751,3751,9.618151,81.326382,4.28
HR4104,4104,10.45253,-31.067779,4.28
HR8454,8454,22.166457,33.178224,4.28
HR6492,6492,17.455909,-29.867033,4.28
HR1101,1101,3.614551,0.401662,4.29
HR8418,8418,22.107286,-13.869679,4.29
HR5903,5903,15.734299,77.794493,4.29
Rasalnaqa,8965,23.63561,43.268073,4.29
HR4180,4180,10.655112,-55.603268,4.29
HR8576,8576,22.52509,-32.346073,4.29
HR4552,4552,11.881813,-33.908124,4.29
HR1756,1756,5.326257,-13.176788,4.29
HR6147,6147,16.518991,-16.612733,4.29
HR4259,4259,10.92689,24.749718,4.3
HR1389,1389,4.424828,17.92791,4.3
HR280,280,0.976766,-29.357449,4.3
HR7747,7747,20.29413,-12.508212,4.3
HR5358,5358,14.338763,-56.386497,4.3
HR3454,3454,8.72041,3.398662,4.3
Taygeta,1145,3.75347,24.467278,4.3
HR4775,4775,12.53451,-16.196007,4.3
HR4471,4471,11.615814,-0.823749,4.3
HR2091,2091,5.998917,45.936736,4.3
HR1189,1189,3.809963,-37.620155,4.3
HR718,718,2.469317,8.460054,4.3
HR4537,4537,11.828077,-63.788478,4.3
HR3457,3457,8.676953,-59.761003,4.31
Alkalurops,5733,15.408181,37.377167,4.31
HR7884,7884,20.638967,-1.105121,4.31
HR5339,5339,14.448801,-83.667884,4.31
HR5997,5997,16.123424,-20.868764,4.31
HR1496,1496,4.674031,-19.671493,4.32
Alterf,3773,9.528675,22.967971,4.32
HR1087,1087,3.608159,48.192634,4.32
HR1845,1845,5.536875,18.594234,4.32
HR3484,3484,8.772927,-13.54772,4.32
HR5210,5210,13.863779,-32.994089,4.32
HR5528,5528,14.860641,-43.575359,4.32
HR4599,4599,12.050447,-63.31293,4.32
HR6446,6446,17.347128,-12.846875,4.32
HR2219,2219,6.256304,29.498076,4.32
Diadem,4968,13.166469,17.529431,4.32
Guniibuu,6401,17.255836,-26.602829,4.33
HR5396,5396,14.436336,-45.379276,4.33
Alula Australis,4375,11.303118,31.528783,4.33
HR6872,6872,18.331031,36.064547,4.33
HR6745,6745,18.143,-63.668553,4.33
HR4888,4888,12.885258,-48.943315,4.33
HR2854,2854,7.469387,8.92553,4.33
HR2015,2015,5.746223,-65.735526,4.34
HR8313,8313,21.74186,17.350017,4.34
HR6498,6498,17.441911,4.14036,4.34
HR5260,5260,14.028748,-45.603421,4.34
HR5797,5797,15.634232,-42.567348,4.34
HR3836,3836,9.613772,-49.355026,4.34
HR7069,7069,18.783686,18.181519,4.34
HR2387,2387,6.530935,-23.418422,4.34
HR3340,3340,8.344115,-77.484477,4.34
HR343,343,1.185017,55.149901,4.34
HR8572,8572,22.492173,47.706887,4.34
HR7056,7056,18.746209,37.605115,4.34
HR3696,3696,9.270024,-57.541473,4.34
HR154,154,0.61468,33.719344,4.34
HR163,163,0.642602,29.311751,4.34
HR1544,1544,4.843534,8.900176,4.35
HR6855,6855,18.387117,-61.493901,4.35
HR3223,3223,8.132173,-68.617062,4.35
HR7314,7314,19.272804,38.133731,4.35
HR5686,5686,15.297178,-30.148673,4.35
HR2560,2560,6.954612,58.422759,4.35
HR2435,2435,6.58294,-52.975607,4.35
HR8305,8305,21.749113,-33.025781,4.35
Botein,951,3.193822,19.726677,4.35
HR4737,4737,12.448966,28.268423,4.35
HR3492,3492,8.807214,5.837812,4.35
Yildun,6789,17.536918,86.58646,4.35
HR191,191,0.722567,-57.46306,4.36
HR2596,2596,6.935618,-17.054242,4.36
HR1705,1705,5.220522,-12.941291,4.36
HR5285,5285,14.10077,-41.179633,4.36
HR1052,1052,3.509579,47.995216,4.36
HR2106,2106,5.958947,-35.28328,4.36
HR1560,1560,4.881575,-5.452695,4.36
HR126,126,0.525725,-62.958218,4.36
HR649,649,2.216665,8.846717,4.36
HR7447,7447,19.612022,-1.286601,4.36
HR3188,3188,8.143236,-2.983786,4.36
HR1256,1256,4.078253,22.081926,4.36
HR4293,4293,11.002572,-42.225859,4.37
HR9089,9089,0.032672,-6.014072,4.37
Ramus,6787,18.14597,20.814557,4.37
HR2256,2256,6.275871,-35.140519,4.37
HR7623,7623,19.995605,-35.276305,4.37
HR2782,2782,7.311802,-24.954375,4.37
HR4963,4963,13.165831,-5.53901,4.38
HR8906,8906,23.434108,-20.642014,4.38
HR7750,7750,20.148145,77.711419,4.38
HR8937,8937,23.549512,-37.818268,4.38
HR555,555,1.894102,-46.302669,4.39
HR1876,1876,5.580344,9.489579,4.39
HR8140,8140,21.331096,-53.449427,4.39
HR2047,2047,5.906386,20.276174,4.39
HR5601,5601,15.048344,2.091303,4.39
HR6445,6445,17.350101,-21.112933,4.39
HR7488,7488,19.68415,17.476041,4.39
HR6281,6281,16.900131,10.165359,4.39
HR2298,2298,6.396135,4.592865,4.39
Sham,7479,19.668275,18.01389,4.39
Yun√º,3980,10.131742,9.997508,4.39
HR1155,1155,3.825357,65.525972,4.39
HR3145,3145,8.03776,2.334571,4.39
HR3192,3192,8.150455,-19.245014,4.4
HR8368,8368,21.965293,-54.992575,4.4
Kui,271,0.953445,23.417648,4.4
HR7107,7107,18.949177,-67.233495,4.4
HR3034,3034,7.801436,-25.937169,4.4
Maasym,6526,17.512308,26.110645,4.41
HR2554,2554,6.830921,-53.622449,4.41
HR6707,6707,17.975041,30.189277,4.41
HR8819,8819,23.131623,75.387496,4.41
HR2697,2697,7.185659,30.245163,4.41
HR8858,8858,23.298393,-9.182513,4.41
HR8146,8146,21.298632,34.896898,4.41
HR8863,8863,23.313733,-32.532027,4.41
HR5378,5378,14.383956,-39.511819,4.41
HR3243,3243,8.234143,-40.34789,4.42
HR2159,2159,6.126201,14.768472,4.42
Solitaire,5526,14.838147,-27.960371,4.42
HR6723,6723,18.029222,1.305076,4.42
Alkarab,8905,23.422993,23.404101,4.42
HR4300,4300,11.038827,20.179842,4.42
HR2443,2443,6.631506,-18.237478,4.42
HR5868,5868,15.77406,7.353073,4.42
HR2748,2748,7.225637,-44.639739,4.42
HR8538,8538,22.392675,52.229046,4.42
HR2745,2745,7.237559,-26.352507,4.42
Keid,1325,4.254537,-7.652871,4.43
HR1162,1162,3.769037,-12.101589,4.43
HR7650,7650,20.044299,-27.709845,4.43
HR7806,7806,20.397671,32.190172,4.43
HR7928,7928,20.724315,15.074581,4.43
Aladfar,7298,19.229302,39.145968,4.43
HR7951,7951,20.795621,-5.027701,4.43
HR1568,1568,4.95478,53.752101,4.43
HR3270,3270,8.309258,-36.659288,4.44
HR3225,3225,8.189304,-39.618545,4.44
HR1355,1355,4.274738,-59.302156,4.44
HR48,48,0.244005,-18.932866,4.44
HR2238,2238,6.327052,59.010964,4.44
HR2906,2906,7.567551,-22.296067,4.44
HR1502,1502,4.676039,-41.863752,4.44
HR224,224,0.811373,7.585079,4.44
HR5425,5425,14.543629,-50.457157,4.44
Anser,7405,19.478427,24.664905,4.44
HR489,489,1.690526,5.487613,4.45
HR4234,4234,10.763087,-80.540188,4.45
HR7429,7429,19.568153,7.378941,4.45
Minchir,3418,8.645955,3.341435,4.45
HR2199,2199,6.198999,14.208765,4.45
HR1696,1696,5.204973,-11.869219,4.45
HR7352,7352,19.259229,73.355468,4.45
HR841,841,2.818169,-32.405898,4.45
HR4368,4368,11.277695,-3.651601,4.45
HR3591,3591,9.001505,-41.253605,4.45
HR4159,4159,10.59314,-57.557636,4.45
HR6153,6153,16.535611,-21.46639,4.45
HR3619,3619,9.147863,51.604648,4.46
HR8695,8695,22.875427,-32.875504,4.46
HR707,707,2.484437,67.402474,4.46
HR1698,1698,5.221523,2.861265,4.46
HR6115,6115,16.453067,-47.554786,4.46
HR4618,4618,12.134788,-50.661278,4.46
HR1211,1211,3.904862,-2.95473,4.46
HR4343,4343,11.194302,-22.825847,4.46
HR2385,2385,6.548396,7.332965,4.47
HR3799,3799,9.580405,52.051477,4.47
HR5570,5570,14.953055,-4.346462,4.47
HR3731,3731,9.410906,26.182324,4.47
HR3643,3643,9.085785,-72.602705,4.47
HR999,999,3.338989,29.048458,4.47
HR818,818,2.751715,-18.572563,4.47
HR8123,8123,21.241337,10.006981,4.47
HR1601,1601,4.975806,1.714016,4.47
HR5447,5447,14.578,29.74513,4.47
HR2361,2361,6.469503,-32.58007,4.47
HR8411,8411,22.101914,-39.543353,4.47
HR4546,4546,11.852419,-45.17347,4.47
HR3129,3129,7.970678,-49.244912,4.47
HR193,193,0.74542,48.284364,4.48
HR1394,1394,4.439094,15.618265,4.48
HR1264,1264,4.014946,-62.159284,4.48
HR3981,3981,10.1323,-0.371637,4.48
HR5704,5704,15.389625,-59.320787,4.48
HR8789,8789,23.111345,-23.743115,4.48
HR2506,2506,6.79768,2.412159,4.48
Fumalsamakah,8773,23.064615,3.820045,4.48
HR6104,6104,16.401718,-20.037327,4.48
HR2740,2740,7.20935,-46.759305,4.49
HR2478,2478,6.733137,13.228017,4.49
HR8984,8984,23.700779,1.780041,4.49
HR3084,3084,7.877402,-38.862812,4.49
HR9076,9076,23.998594,-65.577132,4.49
HR7469,7469,19.607372,50.221103,4.49
HR8988,8988,23.712039,-14.544905,4.49
HR575,575,2.032644,70.90702,4.49
HR8080,8080,21.118797,-25.005853,4.49
HR5475,5475,14.678768,16.418324,4.49
HR8309,8309,21.73571,28.742632,4.49
HR1453,1453,4.55849,-29.766492,4.49
HR3974,3974,10.123821,35.244693,4.49
HR5185,5185,13.78771,17.456906,4.5
HR4527,4527,11.799762,20.218931,4.5
HR4074,4074,10.348557,-56.04322,4.5
HR8213,8213,21.478721,-21.80718,4.5
HR2042,2042,5.830451,-56.166663,4.5
HR3498,3498,8.778487,-56.769776,4.5
HR1934,1934,5.653096,4.121467,4.5
HR8632,8632,22.675233,44.276305,4.5
HR8485,8485,22.231312,39.714927,4.5
HR8093,8093,21.159902,-11.371693,4.5
HR7744,7744,20.262816,27.814242,4.5
HR8431,8431,22.139722,-32.988468,4.5
HR352,352,1.194342,30.089638,4.51
HR8540,8540,22.455531,-64.966354,4.51
HR9045,9045,23.906398,57.499382,4.51
HR7685,7685,20.04696,67.873565,4.51
HR7920,7920,20.733966,-51.920971,4.51
HR68,68,0.305463,36.785224,4.51
HR3856,3856,9.655839,-61.32806,4.51
HR5842,5842,15.692516,19.670401,4.51
HR3765,3765,9.487423,-35.951335,4.51
HR1995,1995,5.819567,39.181071,4.51
HR8260,8260,21.618008,-19.466011,4.51
HR5041,5041,13.400128,-64.535668,4.52
Khambalia,5359,14.318498,-13.371095,4.52
Lilii Borea,824,2.79848,29.247118,4.52
HR6783,6783,18.187157,-45.954418,4.52
HR7342,7342,19.362117,-15.955018,4.52
HR8579,8579,22.508128,43.123376,4.52
HR8225,8225,21.499137,23.638838,4.52
HR5616,5616,15.074098,26.947649,4.52
HR5035,5035,13.377211,-60.988393,4.52
HR7955,7955,20.755878,57.579725,4.52
HR5329,5329,14.224718,51.789965,4.53
HR226,226,0.830234,41.078911,4.53
HR6616,6616,17.792674,-27.830788,4.53
HR7963,7963,20.790149,36.490717,4.53
HR6493,6493,17.443856,-5.086596,4.53
Honores,8830,23.20916,49.406207,4.53
HR127,127,0.525946,-62.965561,4.53
HR2937,2937,7.622809,-34.96853,4.53
HR2113,2113,6.00093,-3.074253,4.53
HR3787,3787,9.533036,-1.184664,4.54
HR3800,3800,9.570384,36.397558,4.54
HR8795,8795,23.116739,9.409492,4.54
HR5712,5712,15.385931,-36.858489,4.54
HR5544,5544,14.856493,19.10046,4.54
HR1726,1726,5.302935,33.371613,4.54
HR5652,5652,15.203692,-19.79171,4.54
HR3771,3771,9.574703,69.830343,4.54
HR2414,2414,6.584274,-22.964793,4.54
HR8923,8923,23.485915,12.760554,4.54
HR7604,7604,19.94912,-27.169899,4.54
HR8523,8523,22.350428,46.536569,4.55
HR2864,2864,7.496606,12.006564,4.55
HR6766,6766,18.134716,-28.457093,4.55
HR2527,2527,7.001081,76.977408,4.55
HR8541,8541,22.408609,49.476392,4.55
HR1652,1652,5.07344,-35.482978,4.55
HR5781,5781,15.598126,-44.958389,4.55
HR3894,3894,9.868433,54.064332,4.55
HR6081,6081,16.343939,-24.16932,4.55
HR9098,9098,0.06233,-17.335988,4.55
HR8317,8317,21.698652,71.311417,4.55
HR1040,1040,3.49854,58.87875,4.55
HR6537,6537,17.594332,-46.505684,4.56
HR7995,7995,20.868801,27.096979,4.56
HR2034,2034,5.88879,27.612262,4.56
HR843,843,2.858566,35.059741,4.56
HR8089,8089,21.110026,47.648403,4.56
HR3612,3612,9.108825,38.452215,4.56
HR5395,5395,14.435619,-45.221424,4.56
HR1247,1247,3.979095,-61.400185,4.56
HR4362,4362,11.253397,23.095502,4.56
HR1106,1106,3.618244,-40.274545,4.57
Cujam,6117,16.423598,14.03327,4.57
HR7592,7592,19.891026,24.079614,4.57
HR7133,7133,18.912468,22.645076,4.57
Dziban,6636,17.698978,72.148843,4.57
HR6112,6112,16.426422,-23.447178,4.57
HR7242,7242,19.139156,-40.496703,4.57
Salm,8880,23.343956,23.740337,4.58
HR4200,4200,10.725639,-60.566619,4.58
HR6028,6028,16.205057,-27.926372,4.58
HR6567,6567,17.630754,-8.118771,4.58
HR3912,3912,9.861298,-46.54762,4.58
HR4975,4975,13.204892,-59.920579,4.58
HR1892,1892,5.589768,-4.838358,4.58
HR5226,5226,13.857205,64.723272,4.58
HR9016,9016,23.815427,-28.130268,4.59
HR3759,3759,9.485805,-2.768964,4.59
HR7053,7053,18.739661,39.612721,4.59
HR5889,5889,15.82657,26.068394,4.59
HR1143,1143,3.713908,-37.313518,4.59
HR4063,4063,10.326877,-55.029305,4.59
HR1811,1811,5.447286,3.095674,4.59
HR5904,5904,15.893533,-25.327142,4.59
HR4352,4352,11.210005,-60.317625,4.59
HR180,180,0.688766,-46.085007,4.59
HR1148,1148,3.839302,71.332266,4.59
HR7440,7440,19.611786,-24.883623,4.59
HR3403,3403,8.67024,64.327936,4.59
HR3970,3970,10.085408,-13.064626,4.6
HR5724,5724,15.422285,-38.73362,4.6
HR5914,5914,15.877903,42.451518,4.6
HR4273,4273,10.945289,-37.137765,4.6
HR5502,5502,14.754017,16.96428,4.6
HR7371,7371,19.344467,65.714531,4.6
HR1324,1324,4.304056,50.295502,4.6
HR5777,5777,15.569638,-10.064529,4.61
HR3131,3131,7.997792,-18.399228,4.61
HR2818,2818,7.445237,49.211527,4.61
HR3,3,0.088928,-5.707618,4.61
HR63,63,0.284863,38.681636,4.61
HR549,549,1.892597,3.187536,4.61
HR947,947,3.188163,39.611582,4.61
HR7866,7866,20.565052,35.250852,4.61
Alya,7141,18.936995,4.203595,4.62
HR4897,4897,12.910889,-59.146701,4.62
HR1620,1620,5.051596,21.589962,4.62
HR6129,6129,16.463385,-8.371731,4.62
HR4848,4848,12.772981,-56.488815,4.62
HR6951,6951,18.558383,-42.31251,4.62
HR4310,4310,11.083619,7.336007,4.62
HR6710,6710,18.008058,-3.690269,4.62
HR4325,4325,11.109015,-62.424113,4.62
HR3628,3628,9.134133,-25.858536,4.62
HR1240,1240,3.998745,-24.016215,4.62
HR1855,1855,5.532183,-7.301537,4.62
HR4460,4460,11.579355,-54.264091,4.62
Castula,265,0.944432,59.181056,4.62
HR5961,5961,16.058931,-57.775064,4.63
HR9064,9064,23.962647,25.141401,4.63
HR3684,3684,9.262522,-37.413144,4.63
HR887,887,2.986868,21.340429,4.63
HR5154,5154,13.678967,54.681634,4.63
HR3089,3089,7.884344,-49.613044,4.63
HR4817,4817,12.664594,-39.987302,4.63
HR7125,7125,18.853348,59.388351,4.63
HR6916,6916,18.522896,-62.278302,4.63
HR5589,5589,14.959743,65.93246,4.63
HR2993,2993,7.725663,-28.410885,4.63
HR3459,3459,8.727882,-7.23373,4.63
HR5885,5885,15.849652,-25.751295,4.63
HR6243,6243,16.830563,-10.783,4.64
HR8780,8780,23.069702,50.052091,4.64
HR1570,1570,4.914924,10.150833,4.64
HR1213,1213,3.895195,-24.61223,4.64
HR5172,5172,13.777604,-51.432766,4.64
HR8613,8613,22.622899,51.545123,4.64
HR6770,6770,18.121767,8.733867,4.64
HR6436,6436,17.294517,37.291498,4.64
HR2135,2135,6.065329,20.138452,4.64
HR7871,7871,20.588482,14.674213,4.64
HR5833,5833,15.656299,36.635812,4.64
HR5825,5825,15.686505,-44.661205,4.64
HR7387,7387,19.441969,0.33857,4.64
HR5962,5962,16.053579,-49.229695,4.65
HR4110,4110,10.456798,-57.638805,4.65
HR2881,2881,7.511834,-30.962281,4.65
HR2922,2922,7.589694,-28.369323,4.65
HR801,801,2.724198,27.707146,4.65
,,9.511764,-40.465622,4.65
HR1444,1444,4.564143,14.844424,4.65
HR1638,1638,5.076153,15.404105,4.65
HR2787,2787,7.30511,-36.733962,4.65
HR2102,2102,5.901658,-63.089627,4.65
HR4589,4589,12.014553,6.614322,4.65
HR4813,4813,12.654102,-7.995564,4.66
HR6884,6884,18.394329,-8.934383,4.66
HR5820,5820,15.662772,-34.411926,4.66
HR2590,2590,6.927064,-20.136497,4.66
Asellus Borealis,3449,8.721431,21.468501,4.66
HR3642,3642,9.093994,-70.538497,4.66
HR7653,7653,20.018346,27.753573,4.66
HR531,531,1.826418,-10.68641,4.66
HR6842,6842,18.300886,-27.042641,4.66
HR351,351,1.190894,21.03465,4.66
HR4831,4831,12.709858,-48.813109,4.66
HR4248,4248,10.899648,43.189956,4.66
HR2766,2766,7.276387,-27.881179,4.66
HR2456,2456,6.682961,9.895754,4.66
HR6742,6742,18.083674,-29.580087,4.66
HR6713,6713,18.000949,16.750919,4.67
HR7051,7051,18.738984,39.670123,4.67
HR1479,1479,4.654583,15.917977,4.67
HR360,360,1.229152,24.583713,4.67
HR2155,2155,6.10259,-14.935254,4.67
Tegmine,3210,8.203535,17.647771,4.67
HR1044,1044,3.489456,49.508948,4.67
HR1306,1306,4.248143,40.483671,4.67
Alsafi,7462,19.539149,69.661175,4.67
HR3624,3624,9.181941,63.513633,4.67
HR8039,8039,21.021517,-32.257767,4.67
HR6930,6930,18.486626,-14.565813,4.67
HR612,612,2.074844,-29.296819,4.68
HR570,570,1.915572,-67.647303,4.68
HR5095,5095,13.532746,-6.255816,4.68
HR3950,3950,10.003557,8.044223,4.68
HR8649,8649,22.726454,-18.830375,4.68
HR3574,3574,8.938686,-52.723475,4.68
HR6020,6020,16.339119,-78.695745,4.68
Bunda,8264,21.629197,-7.854201,4.68
HR442,442,1.565528,59.23204,4.68
HR5112,5112,13.57425,49.015973,4.68
HR879,879,2.979352,39.662728,4.68
HR4166,4166,10.645337,31.976237,4.68
HR3834,3834,9.640913,4.649293,4.68
HR7478,7478,19.656279,30.153321,4.68
HR4842,4842,12.76055,-60.981318,4.69
HR3046,3046,7.805608,-47.077722,4.69
Azelfafage,8301,21.701573,51.189622,4.69
HR2944,2944,7.638346,-25.364804,4.69
HR4177,4177,10.645834,-59.182997,4.69
HR1396,1396,4.443437,14.713782,4.69
HR3141,3141,8.020371,-1.392608,4.69
HR1729,1729,5.318995,40.099051,4.69
HR8949,8949,23.584599,-42.615075,4.69
HR8387,8387,22.055486,-56.785977,4.69
HR4468,4468,11.611365,-9.802247,4.7
Terebellum,7597,19.930651,-26.299506,4.7
HR8097,8097,21.172361,10.131579,4.7
HR8939,8939,23.554618,-20.914504,4.7
HR4494,4494,11.670221,-34.74466,4.7
HR7020,7020,18.704563,-9.052549,4.7
HR6262,6262,16.899924,-42.362025,4.7
HR8748,8748,22.906789,84.346177,4.7
HR1762,1762,5.340811,-21.239763,4.7
HR4514,4514,11.746049,-18.350674,4.71
HR8817,8817,23.165249,-22.457611,4.71
HR896,896,2.99525,8.907365,4.71
HR5241,5241,13.960809,-63.686696,4.71
HR3733,3733,9.386739,-28.833873,4.71
HR1083,1083,3.489558,-62.937527,4.71
HR1556,1556,4.875545,14.250642,4.71
Libertas,7595,19.904134,8.461453,4.71
HR1843,1843,5.545465,32.192022,4.71
HR1674,1674,5.091853,-57.472704,4.71
HR1834,1834,5.49555,-1.092239,4.71
HR3718,3718,9.35822,-25.965439,4.71
HR4940,4940,13.104642,-48.463289,4.71
HR8135,8135,21.298966,-32.172539,4.71
HR2011,2011,5.850675,37.305573,4.72
HR8288,8288,21.710973,-18.866323,4.72
HR3211,3211,8.187863,-12.926999,4.72
HR399,399,1.432208,68.130012,4.72
HR6415,6415,17.276857,-0.445297,4.72
HR4138,4138,10.505581,-71.992793,4.72
HR3749,3749,9.45511,-22.343783,4.72
HR5982,5982,16.046634,46.036705,4.72
HR4132,4132,10.553865,40.42556,4.72
HR4090,4090,10.431895,33.79612,4.72
HR5017,5017,13.292379,40.572608,4.72
HR4603,4603,12.072008,-63.165711,4.72
HR4697,4697,12.345286,17.792868,4.72
HR1765,1765,5.362708,-0.382465,4.72
HR2212,2212,6.171642,-54.968645,4.72
HR5980,5980,16.108176,-45.173185,4.73
HR699,699,2.42706,50.278631,4.73
HR2564,2564,6.910732,13.177827,4.73
HR4299,4299,11.030465,-2.484585,4.73
HR7990,7990,20.877565,-8.983318,4.73
HR6018,6018,16.149529,36.490944,4.73
HR3226,3226,8.190526,-42.987278,4.73
HR985,985,3.333129,65.652292,4.74
HR5899,5899,15.85442,20.977919,4.74
HR123,123,0.529539,54.522289,4.74
HR8402,8402,22.055234,-2.155363,4.74
HR7188,7188,19.051907,-42.095105,4.74
HR3220,3220,8.150213,-61.302429,4.74
HR1070,1070,3.510294,-5.075145,4.74
HR7426,7426,19.529534,34.452968,4.74
HR740,740,2.534786,-15.244677,4.74
HR8047,8047,20.997098,47.520951,4.74
HR3576,3576,9.04242,67.629619,4.74
HR6700,6700,17.996543,-23.816133,4.74
HR789,789,2.663326,-42.89167,4.74
HR3452,3452,8.686982,-47.317125,4.74
HR8959,8959,23.630827,-45.492351,4.74
HR5297,5297,14.165242,-53.438946,4.74
HR5019,5019,13.306763,-18.311196,4.74
HR383,383,1.324443,27.264059,4.74
HR5838,5838,15.699111,-19.678828,4.75
HR5221,5221,13.886817,-31.927612,4.75
HR7848,7848,20.593003,-60.581749,4.75
HR2762,2762,7.243928,-48.271927,4.75
HR8872,8872,23.3104,68.111445,4.75
HR4530,4530,11.80403,-66.81491,4.75
HR5839,5839,15.711395,-34.710407,4.75
HR5350,5350,14.269439,51.367231,4.75
HR7306,7306,19.270289,21.390428,4.76
HR3858,3858,9.688058,-23.591514,4.76
HR4920,4920,12.982068,17.409446,4.76
HR3113,3113,7.961141,-30.33457,4.76
HR4196,4196,10.703926,-64.466426,4.76
HR6417,6417,17.366531,-67.770668,4.76
HR6569,6569,17.673276,-49.415587,4.76
HR2209,2209,6.314105,69.319787,4.76
HR4380,4380,11.318864,38.185557,4.76
Angetenar,850,2.850645,-21.004019,4.76
HR5068,5068,13.457546,-15.973578,4.76
HR8279,8279,21.632007,62.08194,4.76
HR8796,8796,23.118539,25.468259,4.76
HR4716,4716,12.400414,51.562257,4.76
HR872,872,2.841255,-75.066947,4.76
HR125,125,0.523594,-48.803514,4.76
HR5371,5371,14.376971,-58.459117,4.76
HR2037,2037,5.874011,1.855134,4.76
HR5219,5219,13.863188,34.44424,4.76
HR2503,2503,6.788842,8.037254,4.77
HR6978,6978,18.542923,57.045599,4.77
HR6596,6596,17.615859,68.75797,4.77
Alshat,7773,20.344393,-12.75908,4.77
HR4432,4432,11.505248,-3.003501,4.77
HR1937,1937,5.648079,-7.212829,4.77
HR6733,6733,18.051367,-8.180349,4.77
HR7822,7822,20.481004,-17.813687,4.77
HR7763,7763,20.296445,38.03293,4.77
HR8702,8702,22.791378,83.15383,4.77
HR7652,7652,20.059291,-37.940699,4.77
HR194,194,0.7365,-10.60955,4.77
HR918,918,3.092338,56.705719,4.77
HR3706,3706,9.329551,-11.974853,4.77
HR4902,4902,12.905879,-9.538994,4.77
HR4054,4054,10.328938,19.470914,4.78
HR6519,6519,17.523598,-23.962643,4.78
HR1887,1887,5.584078,-6.002027,4.78
HR5364,5364,14.345159,-45.18706,4.78
HR5381,5381,14.384942,-27.754017,4.78
HR3173,3173,8.140963,51.50667,4.78
HR248,248,0.883471,-1.14426,4.78
HR8522,8522,22.355372,28.330529,4.78
HR5015,5015,13.293412,5.469869,4.78
HR4707,4707,12.375087,25.84616,4.78
HR1427,1427,4.509342,16.194014,4.78
HR6631,6631,17.83642,-40.090435,4.78
HR3871,3871,9.736694,-27.769471,4.78
HR3237,3237,8.224866,-35.899518,4.78
HR7012,7012,18.757465,-64.871259,4.78
HR8551,8551,22.464312,4.695664,4.78
HR9084,9084,0.026616,-77.065724,4.78
HR1129,1129,3.767314,63.345047,4.78
HR1611,1611,4.998816,-12.537416,4.78
HR620,620,2.141454,37.859077,4.78
HR8486,8486,22.260253,-41.3467,4.79
HR6141,6141,16.503466,-25.115224,4.79
HR6628,6628,17.819577,-31.703203,4.79
HR1551,1551,4.877218,36.703187,4.79
HR6712,6712,18.004388,4.368615,4.79
HR4993,4993,13.25416,-67.894589,4.79
HR7739,7739,20.254415,25.591957,4.79
HR3728,3728,9.349117,-62.404632,4.79
HR5901,5901,15.85387,35.657382,4.79
HR569,569,1.965478,23.596061,4.79
HR8468,8468,22.163441,72.341207,4.79
HR45,45,0.243378,20.206702,4.79
HR3294,3294,8.375471,-48.490381,4.79
HR5600,5600,15.035141,25.008138,4.8
HR1350,1350,4.359211,46.498878,4.8
HR8641,8641,22.695947,29.307641,4.8
Zibal,984,3.263896,-8.81973,4.8
HR244,244,0.884511,61.12397,4.8
HR4954,4954,13.119646,27.624741,4.8
HR8151,8151,21.346008,-40.809465,4.8
HR1380,1380,4.401599,17.44413,4.8
HR179,179,0.701081,50.512526,4.8
HR4205,4205,10.735258,-63.961072,4.8
HR5361,5361,14.29995,35.509505,4.8
HR6431,6431,17.288769,33.1001,4.8
HR3662,3662,9.269808,54.021857,4.8
HR5321,5321,14.147498,77.547514,4.8
HR2427,2427,6.655507,42.488877,4.8
HR8539,8539,22.421284,1.377401,4.8
HR1617,1617,5.023985,-7.173965,4.8
HR7730,7730,20.22168,46.815675,4.8
HR6070,6070,16.304973,-28.61402,4.8
Phyllon Kissinou,4789,12.580857,22.629259,4.8
Alula Australis B,4374,11.303118,31.528783,4.8
HR5490,5490,14.723712,26.52785,4.8
HR8001,8001,20.887431,44.38726,4.8
HR3709,3709,9.341394,-9.555695,4.8
HR3616,3616,9.173204,67.134018,4.8
HR3809,3809,9.584399,39.621493,4.81
HR1676,1676,5.161654,15.597232,4.81
Elgafar,5409,14.470038,-2.227957,4.81
HR3159,3159,8.005547,-63.567456,4.81
HR6896,6896,18.422511,-20.541679,4.81
HR7977,7977,20.815637,46.114134,4.81
HR1744,1744,5.229288,-67.185255,4.81
HR1743,1743,5.291411,-34.895207,4.81
HR7891,7891,20.642038,21.201174,4.81
HR4402,4402,11.410164,-10.859323,4.81
HR2084,2084,5.966571,25.953912,4.81
HR2571,2571,6.892474,-20.224254,4.82
Fafnir,6945,18.433069,65.56348,4.82
HR5972,5972,16.038248,22.804454,4.82
HR574,574,1.952792,-47.385277,4.82
HR8860,8860,23.295732,49.0153,4.82
HR1689,1689,5.223811,38.484498,4.82
HR8520,8520,22.358632,12.205186,4.82
HR2902,2902,7.563323,-14.523892,4.82
HR8060,8060,21.073417,-19.854991,4.82
HR2450,2450,6.654644,-14.145764,4.82
HR4112,4112,10.510461,55.980536,4.82
HR4080,4080,10.372108,-41.64996,4.82
HR8573,8573,22.510782,-10.67795,4.82
HR6254,6254,16.820615,45.983323,4.82
HR8982,8982,23.696057,-17.816533,4.82
HR6318,6318,17.017667,-4.222644,4.82
HR4732,4732,12.442158,-51.450635,4.82
HR7180,7180,18.90661,71.297192,4.82
HR5304,5304,14.173315,25.091677,4.82
HR5127,5127,13.624345,36.294898,4.82
HR6093,6093,16.367875,1.029039,4.82
HR6334,6334,17.080376,-34.12293,4.83
HR837,837,2.759048,-67.616617,4.83
HR2764,2764,7.276898,-23.315594,4.83
HR6146,6146,16.477373,41.881677,4.83
HR3467,3467,8.707054,-53.113984,4.83
Quadrans,5618,15.063174,47.65406,4.83
HR3282,3282,8.356397,-33.054366,4.83
HR7152,7152,18.978721,-37.107357,4.83
HR4933,4933,13.059256,-49.527264,4.83
HR253,253,0.916715,58.972698,4.83
HR7149,7149,18.951019,-5.846314,4.83
HR417,417,1.460915,45.406687,4.83
HR7064,7064,18.767911,26.66213,4.83
HR781,781,2.659398,-11.872156,4.83
HR5651,5651,15.213776,-44.500414,4.83
HR2702,2702,7.147519,-39.655657,4.83
HR6223,6223,16.681978,64.589046,4.84
HR996,996,3.322693,3.370198,4.84
HR8797,8797,23.110226,59.41976,4.84
HR1311,1311,4.232329,9.263824,4.84
HR2961,2961,7.657595,-38.308021,4.84
HR6237,6237,16.754946,56.781857,4.84
HR6159,6159,16.543415,11.488041,4.84
HR4291,4291,11.009347,3.617494,4.84
Deltoton,660,2.284191,34.224231,4.84
Graffias,5978,16.072774,-11.374611,4.84
HR8655,8655,22.760519,-53.500121,4.84
HR3414,3414,8.5888,-58.009228,4.84
HR8644,8644,22.724993,-41.414347,4.84
HR643,643,2.220369,44.231652,4.84
HR7618,7618,19.982555,-26.195767,4.84
HR434,434,1.503087,6.14382,4.84
HR1946,1946,5.688255,16.534148,4.84
HR5370,5370,14.329233,16.306948,4.84
HR4515,4515,11.754733,8.258119,4.84
HR2874,2874,7.497615,-23.024287,4.85
HR6866,6866,18.347795,3.377165,4.85
HR991,991,3.312174,34.222653,4.85
HR5666,5666,15.294136,-63.610465,4.85
HR6675,6675,17.946507,-44.342246,4.85
HR4979,4979,13.200901,-37.803022,4.85
HR932,932,3.198957,74.393659,4.85
HR7134,7134,18.974378,-52.938629,4.85
HR3990,3990,10.148957,-51.811261,4.85
HR994,994,3.30614,-22.511118,4.86
HR7859,7859,20.626465,-61.529918,4.86
HR105,105,0.465472,-33.007167,4.86
HR7029,7029,18.738711,-35.641987,4.86
Ainalrami,7116,18.902827,-22.744834,4.86
HR7292,7292,19.259007,-25.256682,4.86
HR6103,6103,16.368287,30.891996,4.86
HR8413,8413,22.094653,5.05853,4.86
HR6200,6200,16.645794,48.928342,4.86
HR6595,6595,17.723833,-21.683194,4.86
HR5480,5480,14.694097,8.161764,4.86
HR2470,2470,6.770595,59.44167,4.86
HR4126,4126,10.584878,75.712948,4.86
HR5002,5002,13.286952,-66.783438,4.86
HR6555,6555,17.537767,55.172958,4.86
HR3433,3433,8.661799,-29.561084,4.86
HR6155,6155,16.568061,-44.045315,4.86
HR5385,5385,14.389638,8.446617,4.86
HR1318,1318,4.239914,-10.256283,4.87
Adhil,390,1.372337,45.528778,4.87
HR4162,4162,10.620481,-27.412634,4.87
HR3919,3919,9.903425,-25.932345,4.87
HR754,754,2.597909,5.593246,4.87
HR972,972,3.24836,21.044441,4.87
HR7515,7515,19.772707,-19.761113,4.87
HR3556,3556,8.925434,-27.681871,4.87
HR2746,2746,7.220377,-45.182739,4.87
HR3441,3441,8.695371,-15.943384,4.87
HR4222,4222,10.780898,-64.383474,4.87
HR8255,8255,21.579596,38.534054,4.87
HR4583,4583,11.993796,-78.221839,4.88
HR9008,9008,23.784284,58.651989,4.88
HR6315,6315,16.93375,65.134796,4.88
HR6682,6682,17.963279,-41.716295,4.88
HR1810,1810,5.460579,21.936965,4.88
HR7304,7304,19.293911,-18.952908,4.88
HR2781,2781,7.311216,-24.558701,4.88
HR708,708,2.432501,-12.29048,4.88
HR2002,2002,5.816935,24.567535,4.88
HR4924,4924,13.004576,30.785021,4.88
HR7424,7424,19.586942,-48.099202,4.88
HR2056,2056,5.885245,-33.801361,4.88
HR7032,7032,18.725348,-8.275215,4.88
HR9067,9067,23.977883,-3.555983,4.88
HR9071,9071,23.983482,55.754928,4.88
HR4828,4828,12.698071,10.235625,4.88
HR4163,4163,10.625909,-13.384543,4.89
HR6355,6355,17.089636,12.740828,4.89
HR1533,1533,4.831846,37.488275,4.89
HR8926,8926,23.500536,58.54892,4.89
HR6554,6554,17.536251,55.184243,4.89
HR33,33,0.187739,-15.467977,4.89
HR7965,7965,20.8328,-33.779722,4.89
HR7517,7517,19.737943,37.354355,4.89
HR8622,8622,22.654355,39.050269,4.89
HR4523,4523,11.775376,-40.500354,4.89
HR5303,5303,14.303877,-81.00776,4.89
HR4549,4549,11.864237,-65.20591,4.89
HR2010,2010,5.825814,12.651324,4.89
HR4134,4134,10.522775,-53.715484,4.89
HR1789,1789,5.412452,1.846445,4.89
Jishui,2930,7.65276,34.584346,4.89
HR4894,4894,12.888263,21.244943,4.89
HR3003,3003,7.768736,18.510043,4.89
HR7952,7952,20.824709,-46.226826,4.9
HR5967,5967,16.05672,-38.602541,4.9
HR412,412,1.427009,-14.598796,4.9
HR6098,6098,16.474422,-70.084401,4.9
HR223,223,0.813892,50.968168,4.9
HR7565,7565,19.851141,22.610046,4.9
HR4874,4874,12.844769,-33.999302,4.9
HR2585,2585,6.960309,45.094094,4.9
HR4989,4989,13.237578,-59.103235,4.9
HR1963,1963,5.707953,1.474629,4.9
Acrab B,5985,16.09071,-19.80186,4.9
HR1656,1656,5.124164,18.645052,4.91
HR2696,2696,7.194255,39.320549,4.91
HR788,788,2.704144,40.193944,4.91
HR1621,1621,5.023772,-20.051918,4.91
HR1437,1437,4.531296,-0.044011,4.91
HR4171,4171,10.643043,-16.876572,4.91
HR8582,8582,22.55001,-61.982122,4.91
HR4823,4823,12.699051,-59.685819,4.91
HR7619,7619,19.927167,52.438948,4.91
HR8717,8717,22.920464,8.816166,4.91
HR5586,5586,15.016208,-8.518943,4.91
HR6196,6196,16.692884,-17.742167,4.91
HR2275,2275,6.333222,-2.944493,4.91
HR7873,7873,20.61212,-2.549957,4.91
HR6369,6369,17.088929,54.470042,4.91
HR2701,2701,7.170467,-4.237106,4.91
HR5110,5110,13.579943,37.182415,4.91
HR5660,5660,15.2437,-31.519121,4.91
HR7831,7831,20.494167,-2.885531,4.91
HR2289,2289,6.414973,49.287893,4.92
HR5105,5105,13.56887,3.658967,4.92
HR7137,7137,18.887096,50.708221,4.92
HR2148,2148,6.083091,-16.484435,4.92
HR2128,2128,6.030673,-10.59793,4.92
HR5723,5723,15.403303,-10.322266,4.92
HR7939,7939,20.747919,25.270617,4.92
HR565,565,1.944499,-22.526785,4.92
HR6868,6868,18.338309,21.961297,4.92
HR6934,6934,18.529287,-45.914814,4.92
HR2672,2672,7.064896,-49.58392,4.92
HR3682,3682,9.2602,-38.569942,4.92
HR6749,6749,18.113858,-43.425216,4.92
HR5489,5489,14.749778,-35.191826,4.92
HR2742,2742,7.517911,82.411466,4.92
HR5201,5201,13.828564,21.264105,4.92
HR4314,4314,11.088867,-27.293612,4.92
HR4733,4733,12.440018,27.268237,4.92
HR4667,4667,12.272372,23.945409,4.93
HR6031,6031,16.199997,-10.064253,4.93
HR5535,5535,14.850298,-2.29915,4.93
HR3862,3862,9.704011,-23.915569,4.93
HR3582,3582,8.949562,-59.229338,4.93
HR4883,4883,12.861645,27.540712,4.93
HR8997,8997,23.733189,29.361454,4.93
HR3122,3122,7.995598,-3.679583,4.93
HR7446,7446,19.614847,-7.027477,4.93
HR1329,1329,4.287684,20.578591,4.93
HR7708,7708,20.157116,36.839621,4.93
HR5301,5301,14.18069,-16.30203,4.93
HR7956,7956,20.786319,34.374123,4.93
HR1343,1343,4.340178,34.566725,4.93
HR8850,8850,23.280817,-7.726504,4.93
HR2934,2934,7.594365,-52.533836,4.93
HR1302,1302,4.180708,-41.993573,4.93
HR1592,1592,4.987612,37.890245,4.93
HR4931,4931,13.012125,56.366338,4.93
HR7736,7736,20.242229,36.806302,4.93
HR2946,2946,7.716788,58.71036,4.93
HR4443,4443,11.53789,-29.261022,4.93
HR7673,7673,20.1231,-52.880793,4.93
HR5634,5634,15.121682,24.869195,4.93
HR4499,4499,11.681568,-62.090101,4.93
HR3520,3520,8.8299,-45.307875,4.94
HR4997,4997,13.228597,40.152885,4.94
HR7192,7192,19.000229,32.145514,4.94
HR2608,2608,6.937775,-48.721144,4.94
HR642,642,2.206191,30.303067,4.94
HR7724,7724,20.237949,15.197609,4.94
HR4072,4072,10.402182,65.566423,4.94
HR882,882,2.984356,35.183128,4.94
HR7844,7844,20.500983,48.951569,4.94
HR2812,2812,7.370425,-19.0166,4.94
HR6161,6161,16.4664,68.768137,4.94
HR8447,8447,22.169093,-32.548407,4.94
HR4142,4142,10.517242,-73.22149,4.94
HR3149,3149,8.058634,27.794332,4.94
Felis,3923,9.914503,-19.00936,4.94
HR4958,4958,13.150909,-23.11807,4.94
HR7613,7613,19.931045,38.486705,4.95
HR382,382,1.334699,58.231611,4.95
HR184,184,0.724466,47.024546,4.95
HR2198,2198,6.200911,16.130406,4.95
HR4418,4418,11.465622,2.856265,4.95
HR7625,7625,20.029093,-59.375893,4.95
HR6024,6024,16.224648,-54.630467,4.95
HR1204,1204,3.957067,63.072264,4.95
HR8911,8911,23.448876,1.255608,4.95
HR8699,8699,22.867225,43.312417,4.95
HR6116,6116,16.291791,75.75533,4.95
HR5941,5941,15.969825,-14.279358,4.95
HR4795,4795,12.578902,70.02177,4.95
HR1952,1952,5.680754,-1.128787,4.95
HR9004,9004,23.773199,3.486811,4.95
HR5969,5969,16.05573,-25.86524,4.96
HR477,477,1.676337,40.577049,4.96
HR6815,6815,18.198377,31.40535,4.96
HR1407,1407,4.473992,16.359672,4.96
HR2029,2029,5.914107,55.706947,4.96
HR6801,6801,18.19537,-23.701235,4.96
HR749,749,2.564085,-28.232343,4.96
HR5960,5960,15.963196,54.749762,4.96
HR1002,1002,3.357381,43.329651,4.96
HR1739,1739,5.321278,22.096494,4.96
HR8904,8904,23.413959,62.282806,4.96
HR483,483,1.696383,42.613369,4.96
HR6765,6765,18.100528,22.218879,4.96
HR5196,5196,13.831191,-18.134168,4.96
HR370,370,1.253043,-45.531664,4.97
HR5072,5072,13.473837,13.778787,4.97
HR548,548,1.933337,68.685242,4.97
HR8943,8943,23.565884,31.325277,4.97
HR5824,5824,15.67136,-23.818078,4.97
HR4695,4695,12.339161,3.312574,4.97
HR6058,6058,16.283593,-50.068122,4.97
HR5407,5407,14.469564,-29.491638,4.97
HR3067,3067,7.891616,26.765783,4.97
HR1348,1348,4.339227,27.350754,4.97
HR6337,6337,17.052186,14.091947,4.97
HR9003,9003,23.767234,46.420276,4.97
HR1123,1123,3.706291,33.965026,4.97
HR8968,8968,23.663074,-14.222178,4.97
HR2087,2087,5.924975,-37.120668,4.97
HR1266,1266,4.021697,-61.078822,4.97
HR4089,4089,10.382824,-66.901498,4.97
HR4738,4738,12.449805,26.825699,4.98
HR1897,1897,5.589695,-5.41606,4.98
HR909,909,2.979939,-64.071284,4.98
HR623,623,2.157036,25.939892,4.98
HR7633,7633,19.932051,58.845969,4.98
HR1893,1893,5.587728,-5.387315,4.98
HR4538,4538,11.832395,-70.22579,4.98
HR1637,1637,5.111289,51.59772,4.98
HR5774,5774,15.529718,40.899332,4.98
HR3431,3431,8.667076,-12.475372,4.98
HR5971,5971,16.024047,29.851061,4.98
HR6923,6923,18.398507,58.800736,4.98
Alya B,7142,18.937401,4.202132,4.98
HR2959,2959,7.673114,-15.26392,4.98
HR500,500,1.712086,-3.6902,4.98
HR7333,7333,19.342473,-5.415766,4.98
HR4294,4294,11.012445,6.101449,4.98
HR8433,8433,22.140537,-34.043841,4.99
HR1770,1770,5.380556,3.544452,4.99
HR2828,2828,7.427471,9.276097,4.99
HR4668,4668,12.27504,33.061527,4.99
HR3229,3229,8.222213,-15.788221,4.99
Tengshe,8726,22.940555,49.733544,4.99
HR7372,7372,19.402105,29.621338,4.99
HR2516,2516,6.846097,41.78123,4.99
HR2648,2648,7.048549,-4.239231,4.99
HR7659,7659,20.072108,-32.056296,4.99
HR6850,6850,18.231545,64.397287,4.99
HR1205,1205,3.952303,61.108883,4.99
HR8865,8865,23.316021,-9.61075,4.99
HR1134,1134,3.704139,-31.938361,4.99
HR2549,2549,6.847876,-34.367318,4.99
HR590,590,2.038359,54.487541,4.99
HR3654,3654,9.184556,-44.867902,4.99
HR5698,5698,15.368975,-47.927792,4.99
HR5943,5943,15.991743,-41.744436,4.99
HR5727,5727,15.38675,30.287812,4.99
HR5141,5141,13.695775,-54.559425,4.99
HR3782,3782,9.532428,11.299827,4.99
HR5313,5313,14.20439,2.409433,4.99
HR1483,1483,4.64821,-12.123121,4.99
HR1034,1034,3.467517,49.062866,4.99
HR3613,3613,9.099546,5.092316,4.99
HR4392,4392,11.380442,43.482703,4.99
HR9103,9103,0.075033,-10.509523,4.99
HR2751,2751,7.308883,49.464756,5.0
HR5977,5977,16.072774,-11.374611,5.0
HR7120,7120,18.918649,-22.671328,5.0
HR1780,1780,5.407071,17.383534,5.0
Elkurud,2177,6.125453,-37.25292,5.0
HR7215,7215,19.023991,46.934812,5.0
HR3827,3827,9.620185,6.835802,5.0
HR4511,4511,11.725332,-62.489396,5.0
HR2593,2593,6.935179,-14.04343,5.0
HR5826,5826,15.523619,77.349352,5.0
HR1242,1242,4.074212,59.155507,5.0
HR9062,9062,23.959727,-64.298231,5.0
HR6791,6791,18.12465,43.461891,5.0
HR4396,4396,11.386857,-36.164769,5.0
HR7227,7227,19.106847,-37.06474,5.0
HR2244,2244,6.262468,-13.718414,5.0
HR7437,7437,19.57636,19.773403,5.0
HR7309,7309,19.231987,57.705102,5.0
,,8.74494,-54.708074,5.0
HR7534,7534,19.773777,33.727598,5.0
Marsic,6008,16.134591,17.04698,5.0
HR6693,6693,17.9848,-30.253025,5.0
HR4181,4181,10.717789,69.076214,5.01
HR27,27,0.172012,46.072272,5.01
HR1706,1706,5.256777,32.6876,5.01
HR4682,4682,12.316608,-55.143002,5.01
HR469,469,1.655835,44.386165,5.01
HR6452,6452,17.338575,18.057081,5.01
HR7546,7546,19.816294,19.142042,5.01
HR2861,2861,7.49688,27.916146,5.01
HR3407,3407,8.578778,-49.944203,5.01
HR4492,4492,11.658227,-65.397766,5.01
HR2245,2245,6.1875,-65.589417,5.01
HR3819,3819,9.56911,-51.255266,5.01
HR1628,1628,5.03606,-26.275029,5.01
HR103,103,0.467475,17.893125,5.01
HR2215,2215,6.298563,61.515286,5.01
HR4765,4765,12.501868,69.201123,5.01
HR4728,4728,12.43082,39.018616,5.01
HR3079,3079,7.871024,-34.705442,5.01
HR7614,7614,19.965842,-15.49149,5.01
HR7040,7040,18.747205,2.060038,5.02
HR4258,4258,10.928999,33.506929,5.02
HR4143,4143,10.54913,-47.003353,5.02
HR1773,1773,5.410873,37.385346,5.02
HR3808,3808,9.553461,-21.115722,5.02
HR6891,6891,18.359075,49.121593,5.02
HR5714,5714,15.284968,71.823901,5.02
HR5247,5247,13.942827,27.492082,5.02
HR7362,7362,19.421247,-24.508575,5.02
HR6701,6701,17.824155,76.962881,5.02
HR7145,7145,18.955688,-20.656346,5.02
HR6656,6656,17.817862,50.781075,5.02
HR8326,8326,21.795598,-30.898304,5.02
HR1414,1414,4.480601,13.047602,5.02
HR5543,5543,14.880855,-37.80316,5.02
HR3359,3359,8.490968,-44.724812,5.03
HR6270,6270,16.862573,24.656433,5.03
HR613,613,2.109423,22.648317,5.03
HR6433,6433,17.310275,10.864475,5.03
HR3015,3015,7.765797,-14.563805,5.03
HR7329,7329,19.380888,-54.423931,5.03
Chalawan,4277,10.99112,40.430257,5.03
HR1549,1549,4.83656,-16.217159,5.03
HR8008,8008,20.909344,28.057621,5.03
HR6316,6316,17.03129,-32.143519,5.03
HR5316,5316,14.249208,-57.086126,5.03
HR7414,7414,19.511066,-2.788887,5.03
HR7049,7049,18.710543,55.539457,5.03
HR7576,7576,19.843813,52.988001,5.03
HR4792,4792,12.585489,18.377058,5.03
HR2770,2770,7.280392,-36.592633,5.03
HR2140,2140,6.054333,-26.284544,5.03
HR5150,5150,13.693549,-8.702984,5.03
Situla,8610,22.629273,-4.228056,5.04
HR520,520,1.768392,-53.522037,5.04
HR2808,2808,7.391254,25.050531,5.04
HR2938,2938,7.657942,17.674519,5.04
HR3187,3187,8.111206,-45.266015,5.04
HR5042,5042,13.418694,-74.887818,5.04
HR4981,4981,13.200984,-16.198601,5.04
HR5763,5763,15.515488,40.833047,5.04
HR324,324,1.133559,43.942092,5.04
HR969,969,3.270057,50.937664,5.04
HR8154,8154,21.307551,43.945945,5.04
HR4605,4605,12.079616,-76.519061,5.04
HR2241,2241,6.274061,12.272163,5.04
HR5902,5902,15.888905,-20.16704,5.04
HR2196,2196,6.117604,-62.154581,5.04
HR9091,9091,0.038867,-29.720414,5.04
HR5694,5694,15.321888,1.765408,5.04
HR8266,8266,21.615827,40.413521,5.04
HR2459,2459,6.718051,44.52445,5.04
HR2998,2998,7.715865,-45.173118,5.04
HR5071,5071,13.490348,-51.165134,5.04
HR1503,1503,4.700965,-37.144297,5.04
HR8400,8400,21.987518,73.179896,5.04
HR5664,5664,15.282471,-60.957255,5.04
HR2108,2108,5.984531,-9.55825,5.04
HR8878,8878,23.339051,5.381307,5.05
Pleione,1180,3.819782,24.136712,5.05
HR9013,9013,23.798543,67.806808,5.05
HR2609,2609,7.675295,87.020091,5.05
HR6775,6775,18.117097,30.56214,5.05
HR8469,8469,22.191828,59.414488,5.05
HR3430,3430,8.652198,-22.661875,5.05
HR1740,1740,5.333589,33.958054,5.05
HR1663,1663,5.082776,-49.577837,5.05
HR8815,8815,23.158738,8.677161,5.05
HR989,989,3.318787,50.094966,5.05
HR2462,2462,6.643787,-48.220183,5.05
HR2205,2205,6.197726,-6.550287,5.06
HR3976,3976,10.103115,-47.369995,5.06
HR7660,7660,20.022655,50.104695,5.06
HR3280,3280,8.305219,-65.613192,5.06
HR8092,8092,21.222351,-70.126267,5.06
HR2344,2344,6.465992,-4.762154,5.06
HR7495,7495,19.680601,45.524942,5.06
HR2909,2909,7.571839,-23.473661,5.06
HR7894,7894,20.642198,24.115958,5.06
HR7489,7489,19.708648,-16.123996,5.06
HR9036,9036,23.874802,19.120287,5.06
HR7984,7984,20.834695,44.059304,5.06
HR2221,2221,6.145643,-68.843409,5.06
HR5336,5336,14.373108,-80.108945,5.06
HR1105,1105,3.702594,63.216806,5.06
HR4288,4288,11.014009,39.212092,5.06
HR6371,6371,17.178425,-44.557719,5.06
HR7968,7968,20.858347,-51.608179,5.06
HR1771,1771,5.362849,-24.772981,5.06
HR1723,1723,5.25677,-26.943509,5.06
HR2619,2619,6.973638,-34.111708,5.07
HR6566,6566,17.532745,68.135024,5.07
Guniibuu B,6402,17.255734,-26.603215,5.07
HR3849,3849,9.671768,-14.332292,5.07
HR4441,4441,11.529464,-59.442061,5.07
HR3035,3035,7.790276,-38.511145,5.07
HR5312,5312,14.212785,-27.261186,5.07
HR962,962,3.212899,-1.196101,5.07
HR4146,4146,10.580004,6.953749,5.07
HR225,225,0.816308,16.940644,5.07
HR7896,7896,20.652161,10.086203,5.07
HR3860,3860,9.564857,-80.941258,5.07
HR136,136,0.545512,-63.0315,5.07
HR8428,8428,22.085775,62.279814,5.07
HR1467,1467,4.66519,53.079535,5.07
HR7248,7248,19.116279,11.071228,5.07
HR2717,2717,7.222854,16.158966,5.07
HR2857,2857,7.489012,28.118275,5.07
HR6938,6938,18.533874,-45.757382,5.07
HR1787,1787,5.40803,-0.891328,5.07
HR6388,6388,17.159238,40.777033,5.07
HR8343,8343,21.830748,30.174215,5.07
HR3779,3779,9.53266,9.715767,5.07
HR1443,1443,4.513916,-44.953749,5.07
HR3909,3909,9.875121,-8.10503,5.07
HR6185,6185,16.603812,52.924422,5.07
HR4164,4164,10.605706,-59.564392,5.08
HR8615,8615,22.596077,73.643188,5.08
HR1686,1686,5.376036,79.231149,5.08
HR1478,1478,4.65256,15.799846,5.08
HR1174,1174,3.804519,11.143294,5.08
HR7119,7119,18.911976,-15.603036,5.08
Hoerikwaggo,2261,6.170632,-74.753045,5.08
HR3350,3350,8.46017,-53.08848,5.08
HR4119,4119,10.504855,-0.637026,5.08
HR8351,8351,21.888268,-13.551768,5.08
HR3881,3881,9.80981,46.021008,5.08
HR1805,1805,5.460802,34.475892,5.08
HR3116,3116,7.955118,-44.109859,5.08
HR7688,7688,20.114835,23.614425,5.08
HR144,144,0.602306,54.16845,5.08
HR7814,7814,20.455336,-18.211721,5.08
HR1547,1547,4.856239,18.839861,5.08
HR4192,4192,10.7236,23.188404,5.08
HR4395,4395,11.389415,-18.779973,5.08
HR4899,4899,12.910251,-57.16867,5.08
HR2508,2508,6.793673,-8.998503,5.08
HR5551,5551,14.945554,-62.781016,5.08
HR4145,4145,10.566912,-23.745165,5.08
HR1523,1523,5.005755,81.194088,5.09
HR2862,2862,7.439403,-51.018481,5.09
HR8893,8893,23.384602,12.31391,5.09
HR8284,8284,21.669749,43.273839,5.09
HR3240,3240,8.232865,-36.322281,5.09
HR8356,8356,21.88438,25.92514,5.09
HR3870,3870,9.775462,57.12807,5.09
HR2795,2795,7.365795,20.443658,5.09
HR8481,8481,22.333754,-80.439747,5.09
HR2395,2395,6.560534,-1.220154,5.09
HR3898,3898,9.832541,-45.732736,5.09
HR8424,8424,22.100543,45.014348,5.09
HR8991,8991,23.722878,10.331536,5.09
HR4401,4401,11.389283,-64.954714,5.09
HR6644,6644,17.813652,25.622869,5.09
HR5895,5895,15.854331,-3.090497,5.09
HR3753,3753,9.438324,-53.378909,5.09
HR1046,1046,3.500057,55.451808,5.09
HR7679,7679,20.08597,19.991071,5.09
HR3527,3527,8.842628,-46.529187,5.09
HR563,563,1.955848,17.817532,5.09
HR6862,6862,18.371828,-38.656894,5.09
HR3123,3123,7.984921,-23.310396,5.09
HR236,236,0.809777,-74.923438,5.09
HR4663,4663,12.266719,14.899071,5.09
HR6017,6017,16.18391,-29.41622,5.09
HR8766,8766,23.043436,42.757795,5.09
HR9032,9032,23.868518,-82.018818,5.1
HR1381,1381,4.397729,9.460968,5.1
HR8277,8277,21.65924,2.243558,5.1
HR6794,6794,18.148018,20.045233,5.1
HR6460,6460,17.403636,-44.162576,5.1
HR5392,5392,14.403151,5.820131,5.1
HR8752,8752,23.001417,56.945374,5.1
HR5006,5006,13.281425,-31.506196,5.1
HR4532,4532,11.812524,-26.749777,5.1
HR6204,6204,16.777779,-67.109691,5.1
HR2064,2064,5.831539,-66.901187,5.1
HR1230,1230,4.167439,80.698681,5.1
HR8311,8311,21.750071,-9.082428,5.1
HR7319,7319,19.309026,1.085129,5.1
HR1015,1015,3.379234,20.742069,5.1
HR5966,5966,16.020644,17.818397,5.1
HR873,873,2.954801,31.934219,5.1
HR2790,2790,7.310607,-36.742735,5.11
HR7312,7312,19.152716,76.560502,5.11
HR7021,7021,18.729706,-38.323441,5.11
HR2511,2511,6.895068,68.888309,5.11
HR8621,8621,22.64386,56.795632,5.11
HR3928,3928,9.96141,41.055633,5.11
HR8656,8656,22.734856,41.819235,5.11
HR1673,1673,5.145472,-4.456207,5.11
HR5891,5891,15.924891,-68.603001,5.11
HR433,433,1.49337,-21.629339,5.11
HR5058,5058,13.435483,-39.755107,5.11
HR8383,8383,21.944207,63.625557,5.11
HR7943,7943,20.808084,-43.988544,5.11
HR8488,8488,22.274045,-41.627225,5.11
HR4338,4338,11.142778,-61.947175,5.11
HR6903,6903,18.40383,39.507239,5.11
HR7875,7875,20.667347,-60.548892,5.11
HR1214,1214,3.894151,-34.732297,5.11
HR2719,2719,7.179858,-48.932098,5.12
HR4794,4794,12.595987,-41.021945,5.12
HR1657,1657,5.112681,-4.655163,5.12
HR3817,3817,9.562374,-49.005072,5.12
HR6944,6944,18.523971,-18.402697,5.12
HR6970,6970,18.583998,-10.977206,5.12
HR558,558,1.906122,-42.49695,5.12
HR4851,4851,12.777433,16.577691,5.12
HR3002,3002,7.728307,-40.933746,5.12
Cervantes,6585,17.735752,-51.834053,5.12
HR4178,4178,10.69908,65.71628,5.12
Albireo B,7418,19.51261,27.965276,5.12
HR7430,7430,19.585349,-10.560444,5.12
HR2793,2793,7.367397,36.760584,5.12
HR3059,3059,7.861663,1.766868,5.12
HR3692,3692,9.273066,-44.265735,5.12
HR8516,8516,22.35988,-21.59823,5.12
HR4442,4442,11.530223,-59.515648,5.12
HR6877,6877,18.350283,28.869954,5.12
HR8767,8767,23.05828,-34.749412,5.12
HR7560,7560,19.850456,10.415727,5.12
HR4246,4246,10.892911,54.585128,5.12
HR7846,7846,20.565297,-44.516048,5.12
HR934,934,3.060239,-59.737775,5.12
HR6457,6457,17.348391,24.499435,5.13
HR3306,3306,8.43188,7.564506,5.13
HR1895,1895,5.587907,-5.389696,5.13
HR46,46,0.241008,-7.780532,5.13
HR6045,6045,16.254257,-47.372021,5.13
HR5775,5775,15.577033,-28.046983,5.13
HR378,378,1.296654,3.614466,5.13
HR7295,7295,19.194597,56.859213,5.13
HR4449,4449,11.54837,-31.087226,5.13
HR5607,5607,15.088656,-41.067236,5.13
HR5299,5299,14.132154,43.854452,5.13
HR3262,3262,8.334406,27.217707,5.13
HR9087,9087,0.030402,-3.027504,5.13
HR8021,8021,21.078621,-77.023767,5.13
HR1009,1009,3.411267,64.585996,5.13
HR724,724,2.467139,-33.811039,5.13
HR9069,9069,23.982155,-52.745807,5.13
HR6424,6424,17.300189,-24.286901,5.14
HR2649,2649,7.060576,10.951817,5.14
HR5925,5925,15.948193,-33.966134,5.14
HR3121,3121,7.964368,-45.577669,5.14
HR4646,4646,12.203311,77.616241,5.14
HR3244,3244,8.22671,-46.991628,5.14
HR1177,1177,3.825748,33.091382,5.14
HR7608,7608,19.88816,57.523482,5.14
HR5023,5023,13.304034,49.682062,5.14
HR1061,1061,3.506797,11.336442,5.14
HR2927,2927,7.621303,-4.110979,5.14
HR2490,2490,6.849191,67.571934,5.14
HR2548,2548,6.831838,-46.61456,5.14
HR7770,7770,20.310853,34.982775,5.14
HR4699,4699,12.348809,-13.565724,5.14
HR7127,7127,18.976812,-60.20055,5.14
HR4475,4475,11.616852,-61.283442,5.14
HR4221,4221,10.782634,-56.757192,5.14
HR3013,3013,7.791757,33.415697,5.14
HR2652,2652,7.014303,-51.402585,5.14
HR7881,7881,20.699186,-66.760682,5.14
HR366,366,1.240011,-7.922826,5.14
HR1836,1836,5.438687,-58.91252,5.14
HR7287,7287,19.228529,2.293707,5.14
HR152,152,0.612903,44.488587,5.14
HR2130,2130,6.057602,19.690561,5.14
HR3163,3163,8.08458,13.118215,5.14
HR2683,2683,7.071757,-56.749724,5.14
HR4423,4423,11.476413,-42.674203,5.14
HR7385,7385,19.424611,19.798365,5.14
HR5800,5800,15.587476,39.010067,5.14
HR5366,5366,14.325689,-2.265518,5.14
HR7947,7947,20.777462,16.124134,5.15
HR8826,8826,23.195608,8.720116,5.15
HR602,602,2.02844,-44.713509,5.15
HR4955,4955,13.131614,-10.740408,5.15
HR5530,5530,14.844773,-15.997237,5.15
HR7900,7900,20.667485,-18.138659,5.15
HR7897,7897,20.656914,0.486445,5.15
HR3609,3609,9.139867,66.873235,5.15
HR6228,6228,16.763859,8.582616,5.15
HR5174,5174,13.78232,-36.251933,5.15
HR3508,3508,8.865787,43.726603,5.15
HR4487,4487,11.635371,-61.826563,5.15
HR7647,7647,19.998665,37.042885,5.15
HR4703,4703,12.368713,-67.522105,5.15
HR5691,5691,15.243926,67.346722,5.15
HR736,736,2.535045,36.147271,5.15
HR5746,5746,15.477288,1.842081,5.15
HR4600,4600,12.060973,-42.434056,5.15
HR5497,5497,14.766691,-25.443181,5.15
HR4025,4025,10.225184,-66.372811,5.15
HR5667,5667,15.267785,-41.491155,5.15
HR3476,3476,8.727854,-49.822802,5.15
HR3839,3839,9.715895,72.252618,5.15
HR2999,2999,7.777577,37.517394,5.15
HR2260,2260,6.294923,-16.815908,5.15
HR349,349,1.185213,31.424736,5.15
HR4327,4327,11.121308,-42.638681,5.15
HR2379,2379,6.523068,-12.391953,5.16
HR987,987,3.310482,50.222174,5.16
HR8178,8178,21.381559,6.81114,5.16
HR2049,2049,5.848117,-52.108873,5.16
HR685,685,2.372621,55.845653,5.16
HR5780,5780,15.574032,-9.183416,5.16
Nahn,3627,9.155982,22.045446,5.16
HR5739,5739,15.429832,15.428036,5.16
HR8697,8697,22.873353,9.835664,5.16
HR4141,4141,10.586017,57.082637,5.16
HR6942,6942,18.539257,-39.704001,5.16
HR5232,5232,13.911707,-1.503125,5.16
HR3260,3260,8.254427,-62.915643,5.16
HR3064,3064,7.862862,-13.898029,5.16
HR5593,5593,15.08003,-64.03135,5.16
HR82,82,0.352017,37.968603,5.16
HR8283,8283,21.692462,-14.047611,5.16
HR875,875,2.943729,-3.71232,5.16
HR743,743,2.633909,72.818252,5.17
HR235,235,0.835443,-10.644326,5.17
HR6677,6677,17.888341,40.007959,5.17
HR7468,7468,19.610555,44.694936,5.17
HR3598,3598,8.990078,-59.083712,5.17
HR9031,9031,23.855927,-18.909163,5.17
HR4567,4567,11.933599,-17.150829,5.17
HR1383,1383,4.394681,-3.74547,5.17
HR4717,4717,12.405146,26.098606,5.17
HR4617,4617,12.130565,-75.367019,5.17
HR7213,7213,19.10554,-52.34091,5.17
HR8055,8055,21.08729,-54.727042,5.17
HR3044,3044,7.828111,-17.228408,5.17
HR4969,4969,13.166389,17.528977,5.17
HR7395,7395,19.435868,36.317896,5.17
HR8127,8127,21.260528,-20.651696,5.17
HR7373,7373,19.416164,11.944415,5.17
HR812,812,2.749328,12.445761,5.17
HR321,321,1.137477,54.92034,5.17
HR4913,4913,12.951212,-51.198752,5.17
HR3588,3588,8.981216,-47.234688,5.17
HR118,118,0.506293,-23.78768,5.17
HR4821,4821,12.687765,-13.013901,5.17
HR9006,9006,23.787776,-50.226461,5.18
HR7087,7087,18.877675,-52.10737,5.18
